ID	Numero_Processo	Empresa	SIGLA	UF	CNPJ	TIPO	STATUS	CAMINHO	SPED	MOVIMENTACAO	CENTRALIZACAO	STATUS_SPED	INICIO_MASTERSAF	FIM_MASTERSAF	INICIO_SPED	FIM_SPED
1	2481753	001	DMH	AM	45.543.915/0673-32	DROGARIA	Sucesso	\\brsvporcapp001\Tributário - ICMS\SPED\Arquivos Mastersaf\	SIM	NAO	SIM	Sucesso	08/04/2020 04:09:03	08/04/2020 04:13:50	08/04/2020 04:15:53	08/04/2020 04:20:42
2	2481754	001	DMR	AM	45.543.915/0672-51	DROGARIA	Sucesso	\\brsvporcapp001\Tributário - ICMS\SPED\Arquivos Mastersaf\	SIM	NAO	SIM	Sucesso	08/04/2020 04:09:03	08/04/2020 04:14:27	08/04/2020 04:21:22	08/04/2020 04:25:08
3	2481755	001	DPN	AM	45.543.915/0671-70	DROGARIA	Sucesso	\\brsvporcapp001\Tributário - ICMS\SPED\Arquivos Mastersaf\	SIM	NAO	SIM	Sucesso	08/04/2020 04:09:03	08/04/2020 04:15:06	08/04/2020 04:25:50	08/04/2020 04:30:04
4	2482145	001	ECW	PR	45.543.915/0853-14	ECOMMERCE	Sucesso	\\brsvporcapp001\Tributário - ICMS\SPED\Arquivos Mastersaf\	SIM	SIM	NAO	Sucesso	09/04/2020 12:00:51	09/04/2020 12:10:32	09/04/2020 12:11:24	09/04/2020 12:13:27
5	2482259	001	MAD	AM	45.543.915/0416-19	HIPER	Sucesso	\\brsvporcapp001\Tributário - ICMS\SPED\Arquivos Mastersaf\	SIM	NAO	SIM	Sucesso	09/04/2020 03:04:27	09/04/2020 03:20:39	09/04/2020 03:21:28	09/04/2020 03:48:55
6	2482312	001	DSM	RS	45.543.915/0546-05	DROGARIA	Sucesso	\\brsvporcapp001\Tributário - ICMS\SPED\Arquivos Mastersaf\	SIM	SIM	NAO	Erro no arquivo ao transmitir	09/04/2020 04:42:29	09/04/2020 04:45:58	09/04/2020 04:46:46	09/04/2020 05:23:55
47	2483703		DJB				Sucesso	\\brsvporcapp001\Tributário - ICMS\SPED\Arquivos Mastersaf\				Sucesso		14/04/2020 02:15:45	14/04/2020 02:17:22	14/04/2020 02:22:09
8	2482586	001	PTM	AM	45.543.915/0414-57	PLATAFORMA	Sucesso	\\brsvporcapp001\Tributário - ICMS\SPED\Arquivos Mastersaf\	SIM	NAO	SIM	Sucesso	10/04/2020 12:01:03	10/04/2020 05:31:21	10/04/2020 05:31:56	10/04/2020 05:34:56
9	2482626	001	MPN	AM	45.543.915/0284-34	HIPER	Sucesso	\\brsvporcapp001\Tributário - ICMS\SPED\Arquivos Mastersaf\	SIM	NAO	SIM	Sucesso	10/04/2020 12:01:03	10/04/2020 08:11:39	10/04/2020 08:24:43	10/04/2020 09:07:32
10	2482611	001	DCH	PR	45.543.915/0828-03	DROGARIA	Sucesso	\\brsvporcapp001\Tributário - ICMS\SPED\Arquivos Mastersaf\	SIM	NAO	SIM	Sucesso	10/04/2020 04:05:28	10/04/2020 06:11:03	10/04/2020 06:16:05	10/04/2020 06:20:02
11	2482610	001	DPW	PR	45.543.915/0823-07	DROGARIA	Sucesso	\\brsvporcapp001\Tributário - ICMS\SPED\Arquivos Mastersaf\	SIM	NAO	SIM	Sucesso	10/04/2020 04:05:28	10/04/2020 06:11:45	10/04/2020 06:20:43	10/04/2020 06:25:11
12	2482608	001	DWP	PR	45.543.915/0730-65	DROGARIA	Sucesso	\\brsvporcapp001\Tributário - ICMS\SPED\Arquivos Mastersaf\	SIM	NAO	SIM	Sucesso	10/04/2020 04:05:29	10/04/2020 06:12:24	10/04/2020 06:25:52	10/04/2020 06:29:36
13	2482609	001	ECC	PR	45.543.915/0845-04	ECOMMERCE	Sucesso	\\brsvporcapp001\Tributário - ICMS\SPED\Arquivos Mastersaf\	SIM	NAO	SIM	Sucesso	10/04/2020 04:05:29	10/04/2020 06:13:11	10/04/2020 06:30:16	10/04/2020 06:34:24
38	2482695	001	CMS	AM	45.543.915/0097-23	HIPER	Sucesso	\\brsvporcapp001\Tributário - ICMS\SPED\Arquivos Mastersaf\	SIM	NAO	SIM	Sucesso	11/04/2020 10:51:31	11/04/2020 11:07:34	11/04/2020 11:45:20	11/04/2020 12:11:39
48	2483704		DJP				Sucesso	\\brsvporcapp001\Tributário - ICMS\SPED\Arquivos Mastersaf\				Sucesso		14/04/2020 02:16:30	14/04/2020 02:22:51	14/04/2020 02:28:18
49	2483703	001	DJB	PB	45.543.915/0683-04	DRODARIA	Sucesso	\\brsvporcapp001\Tributário - ICMS\SPED\Arquivos Mastersaf\	SIM	NAO	SIM	Sucesso	14/04/2020 12:01:05	14/04/2020 02:15:45	14/04/2020 02:17:22	14/04/2020 02:22:09
50	2483704	001	DJP	PB	45.543.915/0684-95	DROGARIA	Sucesso	\\brsvporcapp001\Tributário - ICMS\SPED\Arquivos Mastersaf\	SIM	NAO	SIM	Sucesso	14/04/2020 12:01:05	14/04/2020 02:16:30	14/04/2020 02:22:51	14/04/2020 02:28:18
51	2483624	001	PTO	PB	45.543.915/0839-66	POSTO	Sucesso	\\brsvporcapp001\Tributário - ICMS\SPED\Arquivos Mastersaf\	SIM	NAO	NAO	Sucesso	14/04/2020 12:01:44	14/04/2020 12:43:43	14/04/2020 12:44:22	14/04/2020 12:52:41
54	2483721	001	MPA	MG	45.543.915/0145-65	SUPER	Sucesso	\\brsvporcapp001\Tributário - ICMS\SPED\Arquivos Mastersaf\	SIM	NAO	NAO	Sucesso	14/04/2020 02:34:51	14/04/2020 02:43:42	14/04/2020 02:58:13	14/04/2020 03:14:06
55	2483722	001	MPR	MG	45.543.915/0167-70	SUPER	Sucesso	\\brsvporcapp001\Tributário - ICMS\SPED\Arquivos Mastersaf\	SIM	NAO	NAO	Sucesso	14/04/2020 02:34:52	14/04/2020 02:45:30	14/04/2020 03:14:48	14/04/2020 03:35:44
56	2483720	001	MPT	MG	45.543.915/0134-02	SUPER	Sucesso	\\brsvporcapp001\Tributário - ICMS\SPED\Arquivos Mastersaf\	SIM	NAO	NAO	Erro ao validar arquivo	14/04/2020 02:34:52	14/04/2020 02:46:29	14/04/2020 03:36:26	14/04/2020 03:45:56
57	2483724	001	MGU	MG	45.543.915/0155-37	SUPER	Sucesso	\\brsvporcapp001\Tributário - ICMS\SPED\Arquivos Mastersaf\	SIM	NAO	NAO	Erro ao validar arquivo	14/04/2020 02:34:52	14/04/2020 02:48:46	14/04/2020 03:45:57	14/04/2020 04:10:07
58	2483723	001	MCD	MG	45.543.915/0130-89	CD	Sucesso	\\brsvporcapp001\Tributário - ICMS\SPED\Arquivos Mastersaf\	SIM	NAO	NAO	Erro ao validar arquivo	14/04/2020 02:34:52	14/04/2020 02:52:39	14/04/2020 04:10:08	14/04/2020 04:37:49
59	2483728	001	PAJ	MG	45.543.915/0689-08	POSTO	Sucesso	\\brsvporcapp001\Tributário - ICMS\SPED\Arquivos Mastersaf\	SIM	NAO	NAO	Sucesso	14/04/2020 02:35:50	14/04/2020 02:53:49	14/04/2020 04:37:49	14/04/2020 04:46:06
60	2483729	001	PCJ	MG	45.543.915/0275-43	POSTO	Sucesso	\\brsvporcapp001\Tributário - ICMS\SPED\Arquivos Mastersaf\	SIM	NAO	NAO	Sucesso	14/04/2020 02:35:50	14/04/2020 02:55:25	14/04/2020 04:46:47	14/04/2020 04:59:09
61	2483730	001	PCU	MG	45.543.915/0274-62	POSTO	Sucesso	\\brsvporcapp001\Tributário - ICMS\SPED\Arquivos Mastersaf\	SIM	NAO	NAO	Sucesso	14/04/2020 02:35:50	14/04/2020 02:57:18	14/04/2020 06:04:41	14/04/2020 06:20:00
66	2483944	001	PSI	MT	45.543.915/0531-10	POSTO	Sucesso	\\brsvporcapp001\Tributário - ICMS\SPED\Arquivos Mastersaf\	SIM	NAO	NAO	Sucesso	14/04/2020 09:30:52	14/04/2020 09:33:19	14/04/2020 09:39:13	14/04/2020 09:46:45
67	2483946	001	RBV	PE	45.543.915/0297-59	HIPER	Sucesso	\\brsvporcapp001\Tributário - ICMS\SPED\Arquivos Mastersaf\	SIM	SIM	NAO	Sucesso	14/04/2020 09:31:31	14/04/2020 09:33:51	14/04/2020 09:47:27	14/04/2020 09:50:00
68	2483948	001	PJP	PB	45.543.915/0325-47	POSTO	Sucesso	\\brsvporcapp001\Tributário - ICMS\SPED\Arquivos Mastersaf\	SIM	NAO	NAO	Sucesso	14/04/2020 09:32:09	14/04/2020 09:38:20	14/04/2020 09:50:50	14/04/2020 10:15:01
69	2484250	001	JPE	PB	45.543.915/0300-99	HIPER	Sucesso	\\brsvporcapp001\Tributário - ICMS\SPED\Arquivos Mastersaf\	SIM	NAO	SIM	Erro ao validar arquivo	15/04/2020 07:00:53	15/04/2020 08:04:16	15/04/2020 08:05:06	15/04/2020 08:37:23
108	2483980	001	DDF	PE	45.543.915/0463-35	DROGARIA	Não processado	\\brsvporcapp001\Tributário - ICMS\SPED\Arquivos Mastersaf\	SIM	NAO	NAO	Sucesso			15/04/2020 12:57:40	15/04/2020 01:04:23
109	2483981	001	DRT	PE	45.543.915/0461-73	DROGARIA	Não processado	\\brsvporcapp001\Tributário - ICMS\SPED\Arquivos Mastersaf\	SIM	NAO	NAO	Sucesso			15/04/2020 01:05:06	15/04/2020 01:17:41
110	2483982	001	FDM	PE	45.543.915/0464-16	DROGARIA	Não processado	\\brsvporcapp001\Tributário - ICMS\SPED\Arquivos Mastersaf\	SIM	NAO	NAO	Sucesso			15/04/2020 01:18:23	15/04/2020 01:25:14
20	2482611	001	DCH	PR	45.543.915/0828-03	DROGARIA	Sucesso	\\brsvporcapp001\Tributário - ICMS\SPED\Arquivos Mastersaf\	SIM	NAO	SIM	Sucesso	10/04/2020 06:04:49	10/04/2020 06:11:03	10/04/2020 06:16:05	10/04/2020 06:20:02
40	2482875	001	CWB	PR	45.543.915/0009-39	HIPER	Sucesso	\\brsvporcapp001\Tributário - ICMS\SPED\Arquivos Mastersaf\	SIM	NAO	SIM	Sucesso	11/04/2020 08:01:14	11/04/2020 08:34:59	11/04/2020 08:48:44	11/04/2020 09:25:14
41	2482907	001	CWC	PR	45.543.915/0020-44	HIPER	Sucesso	\\brsvporcapp001\Tributário - ICMS\SPED\Arquivos Mastersaf\	SIM	NAO	SIM	Cannot find the UI e	11/04/2020 08:01:15	12/04/2020 01:02:31	12/04/2020 01:17:57	12/04/2020 01:20:27
23	2482609	001	ECC	PR	45.543.915/0845-04	ECOMMERCE	Sucesso	\\brsvporcapp001\Tributário - ICMS\SPED\Arquivos Mastersaf\	SIM	NAO	SIM	Sucesso	10/04/2020 06:04:49	10/04/2020 06:13:11	10/04/2020 06:30:16	10/04/2020 06:34:24
24	2482613	001	PCH	PR	45.543.915/0505-29	POSTO	Sucesso	\\brsvporcapp001\Tributário - ICMS\SPED\Arquivos Mastersaf\	SIM	SIM	NAO	Sucesso	10/04/2020 06:05:30	10/04/2020 06:13:39	10/04/2020 06:35:05	10/04/2020 06:37:06
25	2482615	001	PCW	PR	45.543.915/0286-04	POSTO	Sucesso	\\brsvporcapp001\Tributário - ICMS\SPED\Arquivos Mastersaf\	SIM	NAO	SIM	Sucesso	10/04/2020 06:06:10	10/04/2020 06:15:19	10/04/2020 06:37:46	10/04/2020 06:49:07
42	2482878	001	CWP	PR	45.543.915/0074-37	HIPER	Sucesso	\\brsvporcapp001\Tributário - ICMS\SPED\Arquivos Mastersaf\	SIM	NAO	SIM	Sucesso	11/04/2020 08:01:15	11/04/2020 08:43:44	11/04/2020 09:56:29	11/04/2020 10:43:17
43	2482908	001	LDB	PR	45.543.915/0035-20	HIPER	Sucesso	\\brsvporcapp001\Tributário - ICMS\SPED\Arquivos Mastersaf\	SIM	NAO	SIM	Centralização	11/04/2020 08:01:15	12/04/2020 01:07:36	12/04/2020 01:12:22	12/04/2020 01:12:22
111	2483989	001	PTNP	PE	45.543.915/0784-58	"PLATAFORMA "	Não processado	\\brsvporcapp001\Tributário - ICMS\SPED\Arquivos Mastersaf\	SIM	NAO	NAO	Sucesso			15/04/2020 01:25:56	15/04/2020 01:28:42
32	2482641	001	CDM	AM	45.543.915/0228-27	CD	Sucesso	\\brsvporcapp001\Tributário - ICMS\SPED\Arquivos Mastersaf\	SIM	NAO	SIM	Sucesso	10/04/2020 08:01:31	10/04/2020 08:08:22	10/04/2020 08:17:46	10/04/2020 08:23:57
33	2482626	001	MPN	AM	45.543.915/0284-34	HIPER	Sucesso	\\brsvporcapp001\Tributário - ICMS\SPED\Arquivos Mastersaf\	SIM	NAO	SIM	Sucesso	10/04/2020 08:01:31	10/04/2020 08:11:39	10/04/2020 08:24:43	10/04/2020 09:07:32
34	2482710	001	MNS	AM	45.543.915/0100-63	HIPER	Sucesso	\\brsvporcapp001\Tributário - ICMS\SPED\Arquivos Mastersaf\	SIM	NAO	SIM	Sucesso	10/04/2020 08:01:31	11/04/2020 12:56:37	11/04/2020 12:57:13	11/04/2020 01:31:41
35	2482646	001	MAC	AM	45.543.915/0511-77	HIPER	Sucesso	\\brsvporcapp001\Tributário - ICMS\SPED\Arquivos Mastersaf\	SIM	SIM	NAO	Sucesso	10/04/2020 08:01:31	10/04/2020 08:16:00	10/04/2020 09:57:00	10/04/2020 09:59:02
36	2482642	001	MCN	AM	45.543.915/0337-80	HIPER	Sucesso	\\brsvporcapp001\Tributário - ICMS\SPED\Arquivos Mastersaf\	SIM	SIM	NAO	Sucesso	10/04/2020 08:01:31	10/04/2020 08:16:29	10/04/2020 09:59:47	10/04/2020 10:01:49
37	2482644	001	CMC	AM	45.543.915/0098-04	HIPER	Sucesso	\\brsvporcapp001\Tributário - ICMS\SPED\Arquivos Mastersaf\	SIM	SIM	NAO	Sucesso	10/04/2020 08:01:31	10/04/2020 08:16:57	10/04/2020 10:02:32	10/04/2020 10:04:34
44	2482907	001	CWC	PR	45.543.915/0020-44	HIPER	Sucesso	\\brsvporcapp001\Tributário - ICMS\SPED\Arquivos Mastersaf\	SIM	NAO	SIM	Cannot find the UI e	12/04/2020 12:01:20	12/04/2020 01:02:31	12/04/2020 01:17:57	12/04/2020 01:20:27
45	2482908	001	LDB	PR	45.543.915/0035-20	HIPER	Sucesso	\\brsvporcapp001\Tributário - ICMS\SPED\Arquivos Mastersaf\	SIM	NAO	SIM	Centralização	12/04/2020 12:01:20	12/04/2020 01:07:36	12/04/2020 01:12:22	12/04/2020 01:12:22
46	2482909	001	DLO	PR	45.543.915/0682-23	DROGARIA	Sucesso	\\brsvporcapp001\Tributário - ICMS\SPED\Arquivos Mastersaf\	SIM	NAO	SIM	Sucesso	12/04/2020 12:01:20	12/04/2020 01:08:19	12/04/2020 01:12:23	12/04/2020 01:17:15
62	2484250	001	JPE	PB	45.543.915/0300-99	HIPER	Sucesso	\\brsvporcapp001\Tributário - ICMS\SPED\Arquivos Mastersaf\	SIM	NAO	SIM	Erro ao validar arquivo	14/04/2020 05:22:28	15/04/2020 08:04:16	15/04/2020 08:05:06	15/04/2020 08:37:23
63	2483834	001	JPB	PB	45.543.915/0441-20	HIPER	Sucesso	\\brsvporcapp001\Tributário - ICMS\SPED\Arquivos Mastersaf\	SIM	NAO	SIM	Sucesso	14/04/2020 05:22:28	14/04/2020 05:59:53	14/04/2020 07:30:52	14/04/2020 08:12:31
64	2483835	001	CDN	PB	45.543.915/0314-94	CD	Sucesso	\\brsvporcapp001\Tributário - ICMS\SPED\Arquivos Mastersaf\	SIM	NAO	SIM	Sucesso	14/04/2020 05:22:28	14/04/2020 06:00:39	14/04/2020 08:13:13	14/04/2020 08:15:46
65	2483948	001	PJP	PB	45.543.915/0325-47	POSTO	Sucesso	\\brsvporcapp001\Tributário - ICMS\SPED\Arquivos Mastersaf\	SIM	NAO	NAO	Sucesso	14/04/2020 05:23:05	14/04/2020 09:38:20	14/04/2020 09:50:50	14/04/2020 10:15:01
39	2482710	001	MNS	AM	45.543.915/0100-63	HIPER	Sucesso	\\brsvporcapp001\Tributário - ICMS\SPED\Arquivos Mastersaf\	SIM	NAO	SIM	Sucesso	11/04/2020 12:13:15	11/04/2020 12:56:37	11/04/2020 12:57:13	11/04/2020 01:31:41
52	2483703	001	DJB	PB	45.543.915/0683-04	DRODARIA	Sucesso	\\brsvporcapp001\Tributário - ICMS\SPED\Arquivos Mastersaf\	SIM	NAO	SIM	Sucesso	14/04/2020 02:04:10	14/04/2020 02:15:45	14/04/2020 02:17:22	14/04/2020 02:22:09
53	2483704	001	DJP	PB	45.543.915/0684-95	DROGARIA	Sucesso	\\brsvporcapp001\Tributário - ICMS\SPED\Arquivos Mastersaf\	SIM	NAO	SIM	Sucesso	14/04/2020 02:04:11	14/04/2020 02:16:30	14/04/2020 02:22:51	14/04/2020 02:28:18
70	2484344	001	DGG	SP	45.543.915/0744-60	DROGARIA	Sucesso	\\brsvporcapp001\Tributário - ICMS\SPED\Arquivos Mastersaf\	SIM	NAO	SIM	Sucesso	15/04/2020 12:06:05	15/04/2020 12:13:36	15/04/2020 02:14:57	15/04/2020 02:25:28
71	2484348	001	DIT	SP	45.543.915/0745-41	DROGARIA	Sucesso	\\brsvporcapp001\Tributário - ICMS\SPED\Arquivos Mastersaf\	SIM	NAO	SIM	Sucesso	15/04/2020 12:06:05	15/04/2020 12:14:53	15/04/2020 02:26:10	15/04/2020 02:36:46
72	2484349	001	DAR	SP	45.543.915/0748-94	DROGARIA	Sucesso	\\brsvporcapp001\Tributário - ICMS\SPED\Arquivos Mastersaf\	SIM	NAO	SIM	Sucesso	15/04/2020 12:06:05	15/04/2020 12:16:07	15/04/2020 02:37:30	15/04/2020 02:47:05
73	2484352	001	DPH	SP	45.543.915/0749-75	DROGARIA	Sucesso	\\brsvporcapp001\Tributário - ICMS\SPED\Arquivos Mastersaf\	SIM	NAO	SIM	Sucesso	15/04/2020 12:06:05	15/04/2020 12:17:14	15/04/2020 02:47:48	15/04/2020 02:56:16
74	2484346	001	DPE	SP	45.543.915/0750-09	DROGARIA	Sucesso	\\brsvporcapp001\Tributário - ICMS\SPED\Arquivos Mastersaf\	SIM	NAO	SIM	Sucesso	15/04/2020 12:06:05	15/04/2020 12:18:19	15/04/2020 02:56:58	15/04/2020 03:04:13
75	2484350	001	DTA	SP	45.543.915/0751-90	DROGARIA	Sucesso	\\brsvporcapp001\Tributário - ICMS\SPED\Arquivos Mastersaf\	SIM	NAO	SIM	Sucesso	15/04/2020 12:06:05	15/04/2020 12:19:19	15/04/2020 03:04:56	15/04/2020 03:11:25
76	2484356	001	DAF	SP	45.543.915/0752-70	DROGARIA	Sucesso	\\brsvporcapp001\Tributário - ICMS\SPED\Arquivos Mastersaf\	SIM	NAO	SIM	Sucesso	15/04/2020 12:06:05	15/04/2020 12:20:25	15/04/2020 03:12:07	15/04/2020 03:20:34
77	2484364	001	DIN	SP	45.543.915/0769-19	DROGARIA	Sucesso	\\brsvporcapp001\Tributário - ICMS\SPED\Arquivos Mastersaf\	SIM	NAO	SIM	Sucesso	15/04/2020 12:06:05	15/04/2020 12:21:22	15/04/2020 03:21:16	15/04/2020 03:29:01
78	2484345	001	DTC	SP	45.543.915/0770-52	DROGARIA	Sucesso	\\brsvporcapp001\Tributário - ICMS\SPED\Arquivos Mastersaf\	SIM	NAO	SIM	Sucesso	15/04/2020 12:06:05	15/04/2020 12:22:34	15/04/2020 03:29:42	15/04/2020 03:37:45
79	2484347	001	DIU	SP	45.543.915/0771-33	DROGARIA	Sucesso	\\brsvporcapp001\Tributário - ICMS\SPED\Arquivos Mastersaf\	SIM	NAO	SIM	Sucesso	15/04/2020 12:06:05	15/04/2020 12:23:37	15/04/2020 03:38:28	15/04/2020 03:44:48
80	2484351	001	DPR	SP	45.543.915/0772-14	DROGARIA	Sucesso	\\brsvporcapp001\Tributário - ICMS\SPED\Arquivos Mastersaf\	SIM	NAO	SIM	Sucesso	15/04/2020 12:06:05	15/04/2020 12:24:38	15/04/2020 03:45:32	15/04/2020 03:52:19
81	2484354	001	DGJ	SP	45.543.915/0773-03	DROGARIA	Sucesso	\\brsvporcapp001\Tributário - ICMS\SPED\Arquivos Mastersaf\	SIM	NAO	SIM	Sucesso	15/04/2020 12:06:06	15/04/2020 12:25:42	15/04/2020 03:53:03	15/04/2020 04:01:01
82	2484353	001	DSV	SP	45.543.915/0774-86	DROGARIA	Sucesso	\\brsvporcapp001\Tributário - ICMS\SPED\Arquivos Mastersaf\	SIM	NAO	SIM	Sucesso	15/04/2020 12:06:06	15/04/2020 01:41:35	15/04/2020 04:01:44	15/04/2020 04:09:24
83	2484360	001	DPV	SP	45.543.915/0775-67	DROGARIA	Sucesso	\\brsvporcapp001\Tributário - ICMS\SPED\Arquivos Mastersaf\	SIM	NAO	SIM	Sucesso	15/04/2020 12:06:06	15/04/2020 01:42:49	15/04/2020 04:10:08	15/04/2020 04:18:47
84	2486187	001	DCM	SP	45.543.915/0776-48	DROGARIA	Sucesso	\\brsvporcapp001\Tributário - ICMS\SPED\Arquivos Mastersaf\	SIM	SIM	NAO	Erro no arquivo ao T	15/04/2020 12:06:06	17/04/2020 03:42:17	17/04/2020 05:46:07	17/04/2020 05:49:04
85	2484369	001	DMM	SP	45.543.915/0781-05	DROGARIA	Sucesso	\\brsvporcapp001\Tributário - ICMS\SPED\Arquivos Mastersaf\	SIM	NAO	SIM	Sucesso	15/04/2020 12:06:06	15/04/2020 01:44:29	15/04/2020 04:19:30	15/04/2020 04:24:30
86	2484365	001	DJU	SP	45.543.915/0782-96	DROGARIA	Sucesso	\\brsvporcapp001\Tributário - ICMS\SPED\Arquivos Mastersaf\	SIM	NAO	SIM	Sucesso	15/04/2020 12:06:06	15/04/2020 01:46:01	15/04/2020 04:25:13	15/04/2020 04:34:16
87	2484367	001	DVA	SP	45.543.915/0783-77	DROGARIA	Sucesso	\\brsvporcapp001\Tributário - ICMS\SPED\Arquivos Mastersaf\	SIM	NAO	SIM	Sucesso	15/04/2020 12:06:06	15/04/2020 01:47:13	15/04/2020 07:44:45	15/04/2020 07:51:06
88	2484371	001	DST	SP	45.543.915/0786-10	DROGARIA	Sucesso	\\brsvporcapp001\Tributário - ICMS\SPED\Arquivos Mastersaf\	SIM	NAO	SIM	Sucesso	15/04/2020 12:06:06	15/04/2020 01:48:23	15/04/2020 05:00:55	15/04/2020 05:06:17
89	2484375	001	DRP	SP	45.543.915/0787-09	DROGARIA	Sucesso	\\brsvporcapp001\Tributário - ICMS\SPED\Arquivos Mastersaf\	SIM	NAO	SIM	Sucesso	15/04/2020 12:06:06	15/04/2020 01:49:34	15/04/2020 05:07:00	15/04/2020 05:14:00
90	2484355	001	DJC	SP	45.543.915/0788-81	DROGARIA	Sucesso	\\brsvporcapp001\Tributário - ICMS\SPED\Arquivos Mastersaf\	SIM	NAO	SIM	Sucesso	15/04/2020 12:06:06	15/04/2020 01:51:16	15/04/2020 05:14:43	15/04/2020 05:23:50
91	2484357	001	DOS	SP	45.543.915/0789-62	DROGARIA	Sucesso	\\brsvporcapp001\Tributário - ICMS\SPED\Arquivos Mastersaf\	SIM	NAO	SIM	Sucesso	15/04/2020 12:06:06	15/04/2020 01:53:14	15/04/2020 05:24:33	15/04/2020 05:35:48
92	2484358	001	DPP	SP	45.543.915/0790-04	DROGARIA	Sucesso	\\brsvporcapp001\Tributário - ICMS\SPED\Arquivos Mastersaf\	SIM	NAO	SIM	Sucesso	15/04/2020 12:06:06	15/04/2020 01:54:34	15/04/2020 05:36:31	15/04/2020 05:43:05
93	2484359	001	DTB	SP	45.543.915/0791-87	DROGARIA	Sucesso	\\brsvporcapp001\Tributário - ICMS\SPED\Arquivos Mastersaf\	SIM	NAO	SIM	Sucesso	15/04/2020 12:06:06	15/04/2020 01:56:14	15/04/2020 05:43:48	15/04/2020 05:53:17
94	2484370	001	DRN	SP	45.543.915/0792-68	DROGARIA	Sucesso	\\brsvporcapp001\Tributário - ICMS\SPED\Arquivos Mastersaf\	SIM	NAO	SIM	Sucesso	15/04/2020 12:06:06	15/04/2020 01:57:32	15/04/2020 05:54:01	15/04/2020 06:01:48
95	2484372	001	DAL	SP	45.543.915/0793-49	DROGARIA	Sucesso	\\brsvporcapp001\Tributário - ICMS\SPED\Arquivos Mastersaf\	SIM	NAO	SIM	Sucesso	15/04/2020 12:06:06	15/04/2020 01:58:27	15/04/2020 06:02:33	15/04/2020 06:07:23
96	2484373	001	DCP	SP	45.543.915/0794-20	DROGARIA	Sucesso	\\brsvporcapp001\Tributário - ICMS\SPED\Arquivos Mastersaf\	SIM	NAO	SIM	Sucesso	15/04/2020 12:06:06	15/04/2020 01:59:44	15/04/2020 06:08:07	15/04/2020 06:15:30
97	2484374	001	DCD	SP	45.543.915/0795-00	DROGARIA	Sucesso	\\brsvporcapp001\Tributário - ICMS\SPED\Arquivos Mastersaf\	SIM	NAO	SIM	Sucesso	15/04/2020 12:06:06	15/04/2020 02:01:14	15/04/2020 06:16:13	15/04/2020 06:25:20
98	2484378	001	DVI	SP	45.543.915/0798-53	DROGARIA	Sucesso	\\brsvporcapp001\Tributário - ICMS\SPED\Arquivos Mastersaf\	SIM	NAO	SIM	Sucesso	15/04/2020 12:06:06	15/04/2020 02:02:28	15/04/2020 06:26:02	15/04/2020 06:33:18
99	2484379	001	DCB	SP	45.543.915/0801-93	DROGARIA	Sucesso	\\brsvporcapp001\Tributário - ICMS\SPED\Arquivos Mastersaf\	SIM	NAO	SIM	Sucesso	15/04/2020 12:06:06	15/04/2020 02:03:28	15/04/2020 06:34:02	15/04/2020 06:39:44
100	2484380	001	DPG	SP	45.543.915/0803-55	DROGARIA	Sucesso	\\brsvporcapp001\Tributário - ICMS\SPED\Arquivos Mastersaf\	SIM	NAO	SIM	Sucesso	15/04/2020 12:06:06	15/04/2020 02:04:32	15/04/2020 06:40:28	15/04/2020 06:46:41
101	2484381	001	DCN	SP	45.543.915/0811-65	DROGARIA	Sucesso	\\brsvporcapp001\Tributário - ICMS\SPED\Arquivos Mastersaf\	SIM	NAO	SIM	Sucesso	15/04/2020 12:06:06	15/04/2020 02:05:40	15/04/2020 06:47:24	15/04/2020 06:54:02
102	2484361	001	DCV	SP	45.543.915/0812-46	DROGARIA	Sucesso	\\brsvporcapp001\Tributário - ICMS\SPED\Arquivos Mastersaf\	SIM	NAO	SIM	Sucesso	15/04/2020 12:06:06	15/04/2020 02:07:00	15/04/2020 06:54:45	15/04/2020 07:01:33
103	2484362	001	DLI	SP	45.543.915/0813-27	DROGARIA	Sucesso	\\brsvporcapp001\Tributário - ICMS\SPED\Arquivos Mastersaf\	SIM	NAO	SIM	Sucesso	15/04/2020 12:06:06	15/04/2020 02:08:39	15/04/2020 07:02:18	15/04/2020 07:11:16
104	2484363	001	DTT	SP	45.543.915/0814-08	DROGARIA	Sucesso	\\brsvporcapp001\Tributário - ICMS\SPED\Arquivos Mastersaf\	SIM	NAO	SIM	Sucesso	15/04/2020 12:06:06	15/04/2020 02:10:15	15/04/2020 07:12:00	15/04/2020 07:20:51
105	2484368	001	DVL	SP	45.543.915/0815-99	DROGARIA	Sucesso	\\brsvporcapp001\Tributário - ICMS\SPED\Arquivos Mastersaf\	SIM	NAO	SIM	Sucesso	15/04/2020 12:06:06	15/04/2020 02:11:34	15/04/2020 07:21:36	15/04/2020 07:28:32
106	2484376	001	DSO	SP	45.543.915/0816-70	DROGARIA	Sucesso	\\brsvporcapp001\Tributário - ICMS\SPED\Arquivos Mastersaf\	SIM	NAO	SIM	Sucesso	15/04/2020 12:06:06	15/04/2020 02:13:00	15/04/2020 07:29:19	15/04/2020 07:38:14
107	2484377	001	FFV	SP	45.543.915/0829-94	DROGARIA	Sucesso	\\brsvporcapp001\Tributário - ICMS\SPED\Arquivos Mastersaf\	SIM	NAO	SIM	Sucesso	15/04/2020 12:06:06	15/04/2020 02:14:00	15/04/2020 07:38:58	15/04/2020 07:44:00
388	2486527	001	DFB	CE	45.543.915/0460-92	DROGARIA	Sucesso	\\brsvporcapp001\Tributário - ICMS\SPED\Arquivos Mastersaf\	SIM	NAO	NAO	Sucesso	17/04/2020 03:48:07	17/04/2020 03:49:31		17/04/2020 03:55:09
172	2485924		PST				Sucesso	\\brsvporcapp001\Tributário - ICMS\SPED\Arquivos Mastersaf\				Sucesso		16/04/2020 08:12:42	16/04/2020 08:13:41	16/04/2020 08:21:49
173	2485196	001	PAG	SP	" 45.543.915/0555-98"	POSTO	Sucesso	\\brsvporcapp001\Tributário - ICMS\SPED\Arquivos Mastersaf\	SIM	NAO	NAO	Sucesso	15/04/2020 09:58:48	16/04/2020 11:49:39	16/04/2020 05:29:08	16/04/2020 03:03:42
174	2485185	001	PAN	SP	" 45.543.915/0369-68"	POSTO	Sucesso	\\brsvporcapp001\Tributário - ICMS\SPED\Arquivos Mastersaf\	SIM	NAO	NAO	Sucesso	15/04/2020 09:58:48	16/04/2020 11:52:47	16/04/2020 03:05:56	16/04/2020 03:22:25
175	2485194	001	PAR	SP	" 45.543.915/0346-71"	POSTO	Sucesso	\\brsvporcapp001\Tributário - ICMS\SPED\Arquivos Mastersaf\	SIM	SIM	NAO	Sucesso	15/04/2020 09:58:48	16/04/2020 11:53:51	16/04/2020 01:08:57	16/04/2020 01:12:54
176	2485195	001	PAT	SP	" 45.543.915/0698-90"	POSTO	Sucesso	\\brsvporcapp001\Tributário - ICMS\SPED\Arquivos Mastersaf\	SIM	NAO	NAO	Sucesso	15/04/2020 09:58:48	16/04/2020 11:56:02	16/04/2020 03:11:52	16/04/2020 03:18:41
177	2485199	001	PBC	SP	" 45.543.915/0512-58"	POSTO	Sucesso	\\brsvporcapp001\Tributário - ICMS\SPED\Arquivos Mastersaf\	SIM	NAO	NAO	Erro ao validar arquivo	15/04/2020 09:58:48	16/04/2020 11:59:25	16/04/2020 03:19:22	16/04/2020 03:20:43
178	2485189	001	PBD	SP	" 45.543.915/0334-38"	POSTO	Sucesso	\\brsvporcapp001\Tributário - ICMS\SPED\Arquivos Mastersaf\	SIM	NAO	NAO	Erro ao validar arqu	15/04/2020 09:58:48	16/04/2020 12:02:45	16/04/2020 06:24:39	16/04/2020 06:39:43
179	2485186	001	PBP	SP	" 45.543.915/0335-19"	POSTO	Sucesso	\\brsvporcapp001\Tributário - ICMS\SPED\Arquivos Mastersaf\	SIM	NAO	NAO	Sucesso	15/04/2020 09:58:48	16/04/2020 12:05:42	16/04/2020 03:23:09	16/04/2020 03:36:01
180	2485198	001	PCA	SP	" 45.543.915/0508-71"	POSTO	Sucesso	\\brsvporcapp001\Tributário - ICMS\SPED\Arquivos Mastersaf\	SIM	NAO	NAO	Sucesso	15/04/2020 09:58:48	16/04/2020 12:07:50	16/04/2020 03:36:45	16/04/2020 03:46:42
181	2485193	001	PCL	SP	" 45.543.915/0509-52"	POSTO	Sucesso	\\brsvporcapp001\Tributário - ICMS\SPED\Arquivos Mastersaf\	SIM	NAO	NAO	Sucesso	15/04/2020 09:58:48	16/04/2020 12:11:06	16/04/2020 03:40:28	16/04/2020 03:49:43
182	2485191	001	PCP	SP	" 45.543.915/0348-33"	POSTO	Sucesso	\\brsvporcapp001\Tributário - ICMS\SPED\Arquivos Mastersaf\	SIM	NAO	NAO	Erro ao validar arquivo	15/04/2020 09:58:48	16/04/2020 12:14:51	16/04/2020 03:47:27	16/04/2020 04:04:07
183	2485190	001	PCT	SP	" 45.543.915/0360-20"	POSTO	Sucesso	\\brsvporcapp001\Tributário - ICMS\SPED\Arquivos Mastersaf\	SIM	NAO	NAO	Erro ao validar arqu	15/04/2020 09:58:48	16/04/2020 12:34:09	16/04/2020 03:50:23	16/04/2020 04:00:42
184	2485188	001	PCV	SP	" 45.543.915/0355-62"	POSTO	Sucesso	\\brsvporcapp001\Tributário - ICMS\SPED\Arquivos Mastersaf\	SIM	NAO	NAO	Sucesso	15/04/2020 09:58:48	16/04/2020 12:35:52	16/04/2020 04:00:43	16/04/2020 04:05:08
185	2485197	001	PDI	SP	" 45.543.915/0363-72"	POSTO	Sucesso	\\brsvporcapp001\Tributário - ICMS\SPED\Arquivos Mastersaf\	SIM	NAO	NAO	Erro ao validar arquivo	15/04/2020 09:58:48	16/04/2020 12:39:08	16/04/2020 04:04:08	16/04/2020 04:05:28
186	2485202	001	PFR	SP	" 45.543.915/0331-95"	POSTO	Sucesso	\\brsvporcapp001\Tributário - ICMS\SPED\Arquivos Mastersaf\	SIM	NAO	NAO	Sucesso	15/04/2020 09:58:48	16/04/2020 12:41:02	16/04/2020 06:28:42	16/04/2020 06:34:00
187	2485205	001	PGR	SP	" 45.543.915/0367-04"	POSTO	Sucesso	\\brsvporcapp001\Tributário - ICMS\SPED\Arquivos Mastersaf\	SIM	NAO	NAO	Sucesso	15/04/2020 09:58:48	16/04/2020 12:44:06	16/04/2020 04:05:49	16/04/2020 04:15:02
188	2485208	001	PGU	SP	" 45.543.915/0342-48"	POSTO	Sucesso	\\brsvporcapp001\Tributário - ICMS\SPED\Arquivos Mastersaf\	SIM	NAO	NAO	Erro ao validar arquivo	15/04/2020 09:58:48	16/04/2020 12:47:11	16/04/2020 04:09:02	16/04/2020 04:10:23
189	2485200	001	PIT	SP	" 45.543.915/0380-73"	POSTO	Sucesso	\\brsvporcapp001\Tributário - ICMS\SPED\Arquivos Mastersaf\	SIM	NAO	NAO	Sucesso	15/04/2020 09:58:48	16/04/2020 12:49:26	16/04/2020 06:34:41	16/04/2020 06:40:54
190	2485203	001	PJB	SP	" 45.543.915/0558-30"	POSTO	Sucesso	\\brsvporcapp001\Tributário - ICMS\SPED\Arquivos Mastersaf\	SIM	NAO	NAO	Erro ao validar arqu	15/04/2020 09:58:48	16/04/2020 12:55:53	16/04/2020 04:15:43	16/04/2020 04:20:49
191	2485206	001	PJC	SP	" 45.543.915/0354-81"	POSTO	Sucesso	\\brsvporcapp001\Tributário - ICMS\SPED\Arquivos Mastersaf\	SIM	NAO	NAO	Erro ao validar arqu	15/04/2020 09:58:48	16/04/2020 12:59:38	16/04/2020 04:20:49	16/04/2020 04:22:11
192	2485211	001	PJD	SP	" 45.543.915/0374-25"	POSTO	Sucesso	\\brsvporcapp001\Tributário - ICMS\SPED\Arquivos Mastersaf\	SIM	NAO	NAO	Erro ao validar arqu	15/04/2020 09:58:48	16/04/2020 01:02:51	16/04/2020 05:33:15	16/04/2020 05:47:43
193	2485187	001	PMR	SP	" 45.543.915/0622-92"	POSTO	Sucesso	\\brsvporcapp001\Tributário - ICMS\SPED\Arquivos Mastersaf\	SIM	NAO	NAO	Sucesso	15/04/2020 09:58:48	16/04/2020 01:04:51	16/04/2020 04:23:25	16/04/2020 04:28:43
194	2485192	001	POS	SP	" 45.543.915/0359-96"	POSTO	Sucesso	\\brsvporcapp001\Tributário - ICMS\SPED\Arquivos Mastersaf\	SIM	NAO	NAO	Erro ao validar arqu	15/04/2020 09:58:48	16/04/2020 01:09:30	16/04/2020 04:24:40	16/04/2020 04:26:04
195	2485201	001	PPC	SP	" 45.543.915/0373-44"	POSTO	Sucesso	\\brsvporcapp001\Tributário - ICMS\SPED\Arquivos Mastersaf\	SIM	NAO	NAO	Erro ao validar arqu	15/04/2020 09:58:48	16/04/2020 01:12:14	16/04/2020 05:47:43	16/04/2020 05:49:01
196	2485204	001	PRP	SP	" 45.543.915/0365-34"	POSTO	Sucesso	\\brsvporcapp001\Tributário - ICMS\SPED\Arquivos Mastersaf\	SIM	NAO	NAO	Sucesso	15/04/2020 09:58:48	16/04/2020 01:14:25	16/04/2020 04:27:21	16/04/2020 04:36:40
197	2485210	001	PRT	SP	" 45.543.915/0352-10"	POSTO	Sucesso	\\brsvporcapp001\Tributário - ICMS\SPED\Arquivos Mastersaf\	SIM	NAO	NAO	Erro ao validar arqu	15/04/2020 09:58:48	16/04/2020 01:18:35	16/04/2020 04:29:24	16/04/2020 04:30:48
198	2485213	001	PSA	SP	" 45.543.915/0370-00"	POSTO	Sucesso	\\brsvporcapp001\Tributário - ICMS\SPED\Arquivos Mastersaf\	SIM	NAO	NAO	Erro ao validar arqu	15/04/2020 09:58:48	16/04/2020 01:22:25	16/04/2020 06:39:43	16/04/2020 06:41:06
199	2485216	001	PSC	SP	" 45.543.915/0361-00"	POSTO	Sucesso	\\brsvporcapp001\Tributário - ICMS\SPED\Arquivos Mastersaf\	SIM	NAO	NAO	Erro ao validar arqu	15/04/2020 09:58:48	16/04/2020 01:25:40	16/04/2020 04:32:00	16/04/2020 04:33:22
200	2485218	001	PSJ	SP	" 45.543.915/0316-56"	POSTO	Sucesso	\\brsvporcapp001\Tributário - ICMS\SPED\Arquivos Mastersaf\	SIM	NAO	NAO	Sucesso	15/04/2020 09:58:48	16/04/2020 01:28:02	16/04/2020 05:50:18	16/04/2020 06:02:16
201	2485214	001	PSM	SP	" 45.543.915/0345-90"	POSTO	Sucesso	\\brsvporcapp001\Tributário - ICMS\SPED\Arquivos Mastersaf\	SIM	SIM	NAO	Sucesso	15/04/2020 09:58:48	16/04/2020 01:28:56	16/04/2020 04:34:34	16/04/2020 04:37:37
202	2485217	001	PSN	SP	" 45.543.915/0362-91"	POSTO	Sucesso	\\brsvporcapp001\Tributário - ICMS\SPED\Arquivos Mastersaf\	SIM	NAO	NAO	Erro ao validar arqu	15/04/2020 09:58:48	16/04/2020 01:31:54	16/04/2020 04:37:26	16/04/2020 04:38:48
203	2485223	001	PSO	SP	" 45.543.915/0368-87"	POSTO	Sucesso	\\brsvporcapp001\Tributário - ICMS\SPED\Arquivos Mastersaf\	SIM	NAO	NAO	Erro ao validar arqu	15/04/2020 09:58:48	16/04/2020 01:34:42	16/04/2020 04:38:18	16/04/2020 04:46:12
204	2485224	001	PSP	SP	" 45.543.915/0371-82"	POSTO	Sucesso	\\brsvporcapp001\Tributário - ICMS\SPED\Arquivos Mastersaf\	SIM	NAO	NAO	Erro ao validar arqu	15/04/2020 09:58:48	16/04/2020 01:38:04	16/04/2020 06:03:01	16/04/2020 06:20:43
205	2485207	001	PSS	SP	" 45.543.915/0313-03"	POSTO	Sucesso	\\brsvporcapp001\Tributário - ICMS\SPED\Arquivos Mastersaf\	SIM	NAO	NAO	Erro ao validar arqu	15/04/2020 09:58:49	16/04/2020 01:48:28	16/04/2020 04:40:04	16/04/2020 04:41:23
206	2485924	001	PST	SP	" 45.543.915/0379-30"	POSTO	Sucesso	\\brsvporcapp001\Tributário - ICMS\SPED\Arquivos Mastersaf\	SIM	NAO	NAO	Sucesso	15/04/2020 09:58:49	16/04/2020 08:12:42	16/04/2020 08:13:41	16/04/2020 08:21:49
207	2485209	001	PSV	SP	" 45.543.915/0330-04"	POSTO	Sucesso	\\brsvporcapp001\Tributário - ICMS\SPED\Arquivos Mastersaf\	SIM	NAO	NAO	Sucesso	15/04/2020 09:58:49	16/04/2020 01:51:07	16/04/2020 06:13:26	16/04/2020 06:22:21
208	2485212	001	PSZ	SP	" 45.543.915/0559-11"	POSTO	Sucesso	\\brsvporcapp001\Tributário - ICMS\SPED\Arquivos Mastersaf\	SIM	NAO	NAO	Sucesso	15/04/2020 09:58:49	16/04/2020 01:53:18	16/04/2020 04:42:44	16/04/2020 04:54:37
209	2485215	001	PTA	SP	" 45.543.915/0317-37"	POSTO	Sucesso	\\brsvporcapp001\Tributário - ICMS\SPED\Arquivos Mastersaf\	SIM	NAO	NAO	Sucesso	15/04/2020 09:58:49	16/04/2020 01:56:42	16/04/2020 04:46:12	16/04/2020 04:58:12
210	2485219	001	PTI	SP	" 45.543.915/0426-90"	POSTO	Sucesso	\\brsvporcapp001\Tributário - ICMS\SPED\Arquivos Mastersaf\	SIM	NAO	NAO	Erro ao validar arqu	15/04/2020 09:58:49	16/04/2020 02:11:48	16/04/2020 04:55:26	16/04/2020 04:56:48
211	2485220	001	PTP	SP	" 45.543.915/0420-03"	POSTO	Sucesso	\\brsvporcapp001\Tributário - ICMS\SPED\Arquivos Mastersaf\	SIM	SIM	NAO	Sucesso	15/04/2020 09:58:49	16/04/2020 02:12:42	16/04/2020 06:41:35	16/04/2020 06:41:37
212	2485221	001	PTT	SP	" 45.543.915/0341-67"	POSTO	Sucesso	\\brsvporcapp001\Tributário - ICMS\SPED\Arquivos Mastersaf\	SIM	NAO	NAO	Erro ao validar arqu	15/04/2020 09:58:49	16/04/2020 02:15:58	16/04/2020 04:58:03	16/04/2020 05:14:07
213	2485222	001	PVD	SP	" 45.543.915/0315-75"	POSTO	Sucesso	\\brsvporcapp001\Tributário - ICMS\SPED\Arquivos Mastersaf\	SIM	NAO	NAO	Erro ao validar arqu	15/04/2020 09:58:49	16/04/2020 02:17:44	16/04/2020 04:58:52	16/04/2020 05:00:09
214	2485900		PAC				Sucesso	\\brsvporcapp001\Tributário - ICMS\SPED\Arquivos Mastersaf\				Erro ao validar arqu		16/04/2020 07:25:19	16/04/2020 07:40:08	16/04/2020 07:47:20
215	2485908		PBA				Sucesso	\\brsvporcapp001\Tributário - ICMS\SPED\Arquivos Mastersaf\				Erro ao validar arqu		16/04/2020 07:26:37	16/04/2020 07:30:15	16/04/2020 07:37:38
216	2485906		PBR				Sucesso	\\brsvporcapp001\Tributário - ICMS\SPED\Arquivos Mastersaf\				Cannot find the UI elemen		16/04/2020 07:28:14	16/04/2020 07:51:18	16/04/2020 07:51:49
217	2485902		PCG				Sucesso	\\brsvporcapp001\Tributário - ICMS\SPED\Arquivos Mastersaf\				Erro ao validar arqu		16/04/2020 07:29:23	16/04/2020 07:44:43	16/04/2020 07:48:57
218	2485903		PDQ				Sucesso	\\brsvporcapp001\Tributário - ICMS\SPED\Arquivos Mastersaf\				Erro ao validar arqu		16/04/2020 07:31:22	16/04/2020 07:47:21	16/04/2020 07:48:40
219	2485905		PGP				Sucesso	\\brsvporcapp001\Tributário - ICMS\SPED\Arquivos Mastersaf\				Erro ao validar arqu		16/04/2020 07:32:40	16/04/2020 07:51:32	16/04/2020 07:56:46
220	2485907		PMA				Sucesso	\\brsvporcapp001\Tributário - ICMS\SPED\Arquivos Mastersaf\				Erro ao validar arqu		16/04/2020 07:35:15	16/04/2020 07:48:57	16/04/2020 07:50:20
221	2485901		PNI				Sucesso	\\brsvporcapp001\Tributário - ICMS\SPED\Arquivos Mastersaf\				Erro ao validar arqu		16/04/2020 07:37:36	16/04/2020 07:49:57	16/04/2020 07:51:18
222	2485904		PSU				Sucesso	\\brsvporcapp001\Tributário - ICMS\SPED\Arquivos Mastersaf\				Erro ao validar arqu		16/04/2020 07:39:10	16/04/2020 07:52:34	16/04/2020 08:02:38
223	2485706	001	CGU	RJ	45.543.915/0185-52	Drogaria	Sucesso	\\brsvporcapp001\Tributário - ICMS\SPED\Arquivos Mastersaf\	SIM	NAO	NAO	Erro ao validar arqu	16/04/2020 02:20:48	16/04/2020 02:23:32	16/04/2020 06:24:32	16/04/2020 06:28:42
224	2485709	001	DBA	RJ	45.543.915/0552-45	Drogaria	Sucesso	\\brsvporcapp001\Tributário - ICMS\SPED\Arquivos Mastersaf\	SIM	NAO	NAO	Erro ao validar arqu	16/04/2020 02:20:48	16/04/2020 02:24:58	16/04/2020 05:01:22	16/04/2020 05:06:56
225	2485711	001	DBF	RJ	45.543.915.0569-93	Drogaria	Sucesso	\\brsvporcapp001\Tributário - ICMS\SPED\Arquivos Mastersaf\	SIM	NAO	NAO	Erro ao validar arqu	16/04/2020 02:20:48	16/04/2020 02:26:09	16/04/2020 05:06:57	16/04/2020 05:11:29
226	2485712	001	DCC	RJ	45.543.915/0554-07	Drogaria	Sucesso	\\brsvporcapp001\Tributário - ICMS\SPED\Arquivos Mastersaf\	SIM	NAO	NAO	Erro ao validar arqu	16/04/2020 02:20:48	16/04/2020 02:27:10	16/04/2020 05:11:29	16/04/2020 05:15:14
227	2485704	001	DDB	RJ	45.543.915.0574-50	Drogaria	Sucesso	\\brsvporcapp001\Tributário - ICMS\SPED\Arquivos Mastersaf\	SIM	NAO	NAO	Erro ao validar arqu	16/04/2020 02:20:48	16/04/2020 02:28:04	16/04/2020 05:14:07	16/04/2020 05:18:16
228	2485707	001	DDX	RJ	45.543.915/0575-31	Drogaria	Sucesso	\\brsvporcapp001\Tributário - ICMS\SPED\Arquivos Mastersaf\	SIM	NAO	NAO	Erro ao validar arqu	16/04/2020 02:20:48	16/04/2020 02:29:26	16/04/2020 05:15:14	16/04/2020 05:20:08
229	2485710	001	DMN	RJ	45.543.915/0570-27	Drogaria	Sucesso	\\brsvporcapp001\Tributário - ICMS\SPED\Arquivos Mastersaf\	SIM	NAO	NAO	Erro ao validar arqu	16/04/2020 02:20:48	16/04/2020 02:30:55	16/04/2020 05:18:16	16/04/2020 05:27:44
230	2485713	001	DNO	RJ	45.543.915/0551-64	Drogaria	Sucesso	\\brsvporcapp001\Tributário - ICMS\SPED\Arquivos Mastersaf\	SIM	NAO	NAO	Erro ao validar arqu	16/04/2020 02:20:48	16/04/2020 02:32:10	16/04/2020 05:20:08	16/04/2020 05:24:50
231	2485705	001	DSU	RJ	45.543.915/0553-26	Drogaria	Sucesso	\\brsvporcapp001\Tributário - ICMS\SPED\Arquivos Mastersaf\	SIM	NAO	NAO	Erro ao validar arqu	16/04/2020 02:20:48	16/04/2020 02:33:23	16/04/2020 05:24:51	16/04/2020 05:29:08
232	2485708	001	RJN	RJ	45.543.915/0099-95	Drogaria	Sucesso	\\brsvporcapp001\Tributário - ICMS\SPED\Arquivos Mastersaf\	SIM	NAO	NAO	Erro ao validar arqu	16/04/2020 02:20:48	16/04/2020 02:34:25	16/04/2020 05:27:44	16/04/2020 05:33:15
233	2485900	001	PAC	RJ	45.543.915/0289-49	Posto	Sucesso	\\brsvporcapp001\Tributário - ICMS\SPED\Arquivos Mastersaf\	SIM	NAO	NAO	Erro ao validar arqu	16/04/2020 02:20:48	16/04/2020 07:25:19	16/04/2020 07:40:08	16/04/2020 07:47:20
234	2485908	001	PBA	RJ	45.543.915/0291-63	Posto	Sucesso	\\brsvporcapp001\Tributário - ICMS\SPED\Arquivos Mastersaf\	SIM	NAO	NAO	Erro ao validar arqu	16/04/2020 02:20:48	16/04/2020 07:26:37	16/04/2020 07:30:15	16/04/2020 07:37:38
390	2486567	001	XAA	SP	45.543.915/0767-57	EXPRESS	Sucesso	\\brsvporcapp001\Tributário - ICMS\SPED\Arquivos Mastersaf\	SIM	NAO	SIM	Sucesso	17/04/2020 05:01:41	17/04/2020 05:16:00		17/04/2020 07:06:43
391	2486570	001	XAB	SP	45.543.915/0690-33	EXPRESS	Sucesso	\\brsvporcapp001\Tributário - ICMS\SPED\Arquivos Mastersaf\	SIM	NAO	SIM	Sucesso	17/04/2020 05:01:41	17/04/2020 05:17:30		17/04/2020 07:01:32
392	2486573	001	XAC	SP	45.543.915/0726-89	EXPRESS	Sucesso	\\brsvporcapp001\Tributário - ICMS\SPED\Arquivos Mastersaf\	SIM	NAO	SIM	Sucesso	17/04/2020 05:01:41	17/04/2020 05:19:33		17/04/2020 07:10:07
242	2485900		PAC				Sucesso	\\brsvporcapp001\Tributário - ICMS\SPED\Arquivos Mastersaf\				Erro ao validar arqu		16/04/2020 07:25:19	16/04/2020 07:40:08	16/04/2020 07:47:20
243	2485908		PBA				Sucesso	\\brsvporcapp001\Tributário - ICMS\SPED\Arquivos Mastersaf\				Erro ao validar arqu		16/04/2020 07:26:37	16/04/2020 07:30:15	16/04/2020 07:37:38
244	2485906		PBR				Sucesso	\\brsvporcapp001\Tributário - ICMS\SPED\Arquivos Mastersaf\				Cannot find the UI elemen		16/04/2020 07:28:14	16/04/2020 07:51:18	16/04/2020 07:51:49
245	2485902		PCG				Sucesso	\\brsvporcapp001\Tributário - ICMS\SPED\Arquivos Mastersaf\				Erro ao validar arqu		16/04/2020 07:29:23	16/04/2020 07:44:43	16/04/2020 07:48:57
246	2485903		PDQ				Sucesso	\\brsvporcapp001\Tributário - ICMS\SPED\Arquivos Mastersaf\				Erro ao validar arqu		16/04/2020 07:31:22	16/04/2020 07:47:21	16/04/2020 07:48:40
247	2485905		PGP				Sucesso	\\brsvporcapp001\Tributário - ICMS\SPED\Arquivos Mastersaf\				Erro ao validar arqu		16/04/2020 07:32:40	16/04/2020 07:51:32	16/04/2020 07:56:46
248	2485907		PMA				Sucesso	\\brsvporcapp001\Tributário - ICMS\SPED\Arquivos Mastersaf\				Erro ao validar arqu		16/04/2020 07:35:15	16/04/2020 07:48:57	16/04/2020 07:50:20
249	2485901		PNI				Sucesso	\\brsvporcapp001\Tributário - ICMS\SPED\Arquivos Mastersaf\				Erro ao validar arqu		16/04/2020 07:37:36	16/04/2020 07:49:57	16/04/2020 07:51:18
250	2485904		PSU				Sucesso	\\brsvporcapp001\Tributário - ICMS\SPED\Arquivos Mastersaf\				Erro ao validar arqu		16/04/2020 07:39:10	16/04/2020 07:52:34	16/04/2020 08:02:38
251	2485900	001	PAC	RJ	45.543.915/0289-49	Posto	Sucesso	\\brsvporcapp001\Tributário - ICMS\SPED\Arquivos Mastersaf\	SIM	NAO	NAO	Erro ao validar arqu	16/04/2020 07:00:05	16/04/2020 07:25:19	16/04/2020 07:40:08	16/04/2020 07:47:20
252	2485908	001	PBA	RJ	45.543.915/0291-63	Posto	Sucesso	\\brsvporcapp001\Tributário - ICMS\SPED\Arquivos Mastersaf\	SIM	NAO	NAO	Erro ao validar arqu	16/04/2020 07:00:05	16/04/2020 07:26:37	16/04/2020 07:30:15	16/04/2020 07:37:38
253	2485906	001	PBR	RJ	45.543.915/0295-97	Posto	Sucesso	\\brsvporcapp001\Tributário - ICMS\SPED\Arquivos Mastersaf\	SIM	NAO	NAO	Cannot find the UI elemen	16/04/2020 07:00:05	16/04/2020 07:28:14	16/04/2020 07:51:18	16/04/2020 07:51:49
254	2485902	001	PCG	RJ	45.543.915/0253-38	Posto	Sucesso	\\brsvporcapp001\Tributário - ICMS\SPED\Arquivos Mastersaf\	SIM	NAO	NAO	Erro ao validar arqu	16/04/2020 07:00:05	16/04/2020 07:29:23	16/04/2020 07:44:43	16/04/2020 07:48:57
255	2485903	001	PDQ	RJ	45.543.915/0294-06	Posto	Sucesso	\\brsvporcapp001\Tributário - ICMS\SPED\Arquivos Mastersaf\	SIM	NAO	NAO	Erro ao validar arqu	16/04/2020 07:00:05	16/04/2020 07:31:22	16/04/2020 07:47:21	16/04/2020 07:48:40
256	2485905	001	PGP	RJ	45.543.915/0288-68	Posto	Sucesso	\\brsvporcapp001\Tributário - ICMS\SPED\Arquivos Mastersaf\	SIM	NAO	NAO	Erro ao validar arqu	16/04/2020 07:00:05	16/04/2020 07:32:40	16/04/2020 07:51:32	16/04/2020 07:56:46
257	2485907	001	PMA	RJ	45.543.915/0292-44	Posto	Sucesso	\\brsvporcapp001\Tributário - ICMS\SPED\Arquivos Mastersaf\	SIM	NAO	NAO	Erro ao validar arqu	16/04/2020 07:00:05	16/04/2020 07:35:15	16/04/2020 07:48:57	16/04/2020 07:50:20
258	2485901	001	PNI	RJ	45.543.915/0296-78	Posto	Sucesso	\\brsvporcapp001\Tributário - ICMS\SPED\Arquivos Mastersaf\	SIM	NAO	NAO	Erro ao validar arqu	16/04/2020 07:00:06	16/04/2020 07:37:36	16/04/2020 07:49:57	16/04/2020 07:51:18
259	2485904	001	PSU	RJ	45.543.915/0290-82	Posto	Sucesso	\\brsvporcapp001\Tributário - ICMS\SPED\Arquivos Mastersaf\	SIM	NAO	NAO	Erro ao validar arqu	16/04/2020 07:00:06	16/04/2020 07:39:10	16/04/2020 07:52:34	16/04/2020 08:02:38
260	2485989	001	XCB	SP	" 45.543.915/0722-55"	EXPRESS	Sucesso	\\brsvporcapp001\Tributário - ICMS\SPED\Arquivos Mastersaf\	SIM	SIM	NAO	Sucesso	16/04/2020 08:40:51	16/04/2020 09:21:19	16/04/2020 09:52:41	16/04/2020 09:55:36
261	2485992	001	XCE	SP	" 45.543.915/0589-37"	EXPRESS	Sucesso	\\brsvporcapp001\Tributário - ICMS\SPED\Arquivos Mastersaf\	SIM	NAO	SIM	Sucesso	16/04/2020 08:40:51	16/04/2020 09:23:49	16/04/2020 09:56:18	16/04/2020 10:04:41
262	2485995	001	XCG	SP	" 45.543.915/0637-79"	EXPRESS	Sucesso	\\brsvporcapp001\Tributário - ICMS\SPED\Arquivos Mastersaf\	SIM	NAO	SIM	Sucesso	16/04/2020 08:40:51	16/04/2020 09:25:59	16/04/2020 10:05:23	16/04/2020 10:11:37
263	2485999	001	XCN	SP	" 45.543.915/0660-18"	EXPRESS	Sucesso	\\brsvporcapp001\Tributário - ICMS\SPED\Arquivos Mastersaf\	SIM	NAO	SIM	Sucesso	16/04/2020 08:40:51	16/04/2020 09:29:10	16/04/2020 10:12:19	16/04/2020 10:24:46
264	2485987	001	XCO	SP	" 45.543.915/0650-46"	EXPRESS	Sucesso	\\brsvporcapp001\Tributário - ICMS\SPED\Arquivos Mastersaf\	SIM	NAO	SIM	Sucesso	16/04/2020 08:40:51	16/04/2020 09:31:25	16/04/2020 10:25:28	16/04/2020 10:31:39
265	2485990	001	XCP	SP	" 45.543.915/0729-21"	EXPRESS	Sucesso	\\brsvporcapp001\Tributário - ICMS\SPED\Arquivos Mastersaf\	SIM	NAO	SIM	Sucesso	16/04/2020 08:40:51	16/04/2020 09:35:01	16/04/2020 10:32:23	16/04/2020 10:41:50
266	2485993	001	XCS	SP	" 45.543.915/0694-67"	EXPRESS	Sucesso	\\brsvporcapp001\Tributário - ICMS\SPED\Arquivos Mastersaf\	SIM	NAO	SIM	Sucesso	16/04/2020 08:40:51	16/04/2020 09:38:05	16/04/2020 10:42:32	16/04/2020 10:49:54
267	2485997	001	XCT	SP	" 45.543.915/0764-04"	EXPRESS	Sucesso	\\brsvporcapp001\Tributário - ICMS\SPED\Arquivos Mastersaf\	SIM	NAO	SIM	Sucesso	16/04/2020 08:40:51	16/04/2020 09:42:03	16/04/2020 10:50:35	16/04/2020 11:00:52
268	2485988	001	XDB	SP	" 45.543.915/0761-61"	EXPRESS	Sucesso	\\brsvporcapp001\Tributário - ICMS\SPED\Arquivos Mastersaf\	SIM	NAO	SIM	Sucesso	16/04/2020 08:40:51	16/04/2020 09:44:54	16/04/2020 11:01:34	16/04/2020 11:07:48
269	2485991	001	XDM	SP	" 45.543.915/0599-09"	EXPRESS	Sucesso	\\brsvporcapp001\Tributário - ICMS\SPED\Arquivos Mastersaf\	SIM	NAO	SIM	Sucesso	16/04/2020 08:40:51	16/04/2020 09:47:52	16/04/2020 11:08:30	16/04/2020 11:15:32
270	2485994	001	XEF	SP	" 45.543.915/0602-49"	EXPRESS	Sucesso	\\brsvporcapp001\Tributário - ICMS\SPED\Arquivos Mastersaf\	SIM	NAO	SIM	Sucesso	16/04/2020 08:40:51	16/04/2020 09:53:35	16/04/2020 11:28:53	16/04/2020 11:44:45
271	2485998	001	XEQ	SP	" 45.543.915/0572-99"	EXPRESS	Sucesso	\\brsvporcapp001\Tributário - ICMS\SPED\Arquivos Mastersaf\	SIM	NAO	SIM	Sucesso	16/04/2020 08:40:51	16/04/2020 09:56:56	16/04/2020 11:45:27	16/04/2020 11:53:39
272	2486002	001	XFA	SP	" 45.543.915/0631-83"	EXPRESS	Sucesso	\\brsvporcapp001\Tributário - ICMS\SPED\Arquivos Mastersaf\	SIM	NAO	SIM	Sucesso	16/04/2020 08:40:51	16/04/2020 09:59:47	16/04/2020 11:54:20	17/04/2020 12:01:12
273	2486005	001	XFC	SP	" 45.543.915/0700-40"	EXPRESS	Sucesso	\\brsvporcapp001\Tributário - ICMS\SPED\Arquivos Mastersaf\	SIM	SIM	NAO	Sucesso	16/04/2020 08:40:51	16/04/2020 10:01:19	17/04/2020 12:01:55	17/04/2020 12:04:53
274	2486009	001	XFF	SP	" 45.543.915/0624-54"	EXPRESS	Sucesso	\\brsvporcapp001\Tributário - ICMS\SPED\Arquivos Mastersaf\	SIM	NAO	SIM	Sucesso	16/04/2020 08:40:51	16/04/2020 10:04:15	17/04/2020 12:05:34	17/04/2020 12:12:36
275	2486014	001	XFL	SP	" 45.543.915/0582-60"	EXPRESS	Sucesso	\\brsvporcapp001\Tributário - ICMS\SPED\Arquivos Mastersaf\	SIM	NAO	SIM	Sucesso	16/04/2020 08:40:51	16/04/2020 10:08:16	17/04/2020 12:13:18	17/04/2020 12:23:37
276	2486000	001	XFM	SP	" 45.543.915/0825-60"	EXPRESS	Sucesso	\\brsvporcapp001\Tributário - ICMS\SPED\Arquivos Mastersaf\	SIM	NAO	SIM	Sucesso	16/04/2020 08:40:51	16/04/2020 10:11:47	17/04/2020 12:24:17	17/04/2020 12:32:31
277	2486003	001	XFR	SP	" 45.543.915/0646-60"	EXPRESS	Sucesso	\\brsvporcapp001\Tributário - ICMS\SPED\Arquivos Mastersaf\	SIM	NAO	SIM	Sucesso	16/04/2020 08:40:51	16/04/2020 10:16:03	17/04/2020 12:33:12	17/04/2020 12:43:49
278	2486007	001	XGC	SP	" 45.543.915/0662-80"	EXPRESS	Sucesso	\\brsvporcapp001\Tributário - ICMS\SPED\Arquivos Mastersaf\	SIM	SIM	NAO	Sucesso	16/04/2020 08:40:51	16/04/2020 10:17:43	17/04/2020 12:44:31	17/04/2020 12:47:28
279	2486010	001	XGE	SP	" 45.543.915/0687-38"	EXPRESS	Sucesso	\\brsvporcapp001\Tributário - ICMS\SPED\Arquivos Mastersaf\	SIM	NAO	SIM	Sucesso	16/04/2020 08:40:51	16/04/2020 10:20:40	17/04/2020 12:48:10	17/04/2020 12:55:47
280	2486001	001	XGR	SP	" 45.543.915/0763-23"	EXPRESS	Sucesso	\\brsvporcapp001\Tributário - ICMS\SPED\Arquivos Mastersaf\	SIM	NAO	SIM	Sucesso	16/04/2020 08:40:51	16/04/2020 10:26:55	17/04/2020 12:56:29	17/04/2020 01:14:08
281	2486004	001	XGU	SP	" 45.543.915/0566-40"	EXPRESS	Sucesso	\\brsvporcapp001\Tributário - ICMS\SPED\Arquivos Mastersaf\	SIM	NAO	SIM	Sucesso	16/04/2020 08:40:51	16/04/2020 10:31:15	17/04/2020 01:14:50	17/04/2020 01:25:53
282	2486008	001	XHM	SP	" 45.543.915/0766-76"	EXPRESS	Sucesso	\\brsvporcapp001\Tributário - ICMS\SPED\Arquivos Mastersaf\	SIM	NAO	SIM	Sucesso	16/04/2020 08:40:52	16/04/2020 10:35:00	17/04/2020 01:26:35	17/04/2020 01:36:10
283	2486011	001	XHY	SP	" 45.543.915/0757-85"	EXPRESS	Sucesso	\\brsvporcapp001\Tributário - ICMS\SPED\Arquivos Mastersaf\	SIM	NAO	SIM	Sucesso	16/04/2020 08:40:52	16/04/2020 10:38:35	17/04/2020 01:36:52	17/04/2020 01:45:12
284	2486018	001	XIC	SP	" 45.543.915/0800-02"	EXPRESS	Sucesso	\\brsvporcapp001\Tributário - ICMS\SPED\Arquivos Mastersaf\	SIM	NAO	SIM	Sucesso	16/04/2020 08:40:52	16/04/2020 10:40:51	17/04/2020 01:45:57	17/04/2020 01:51:40
285	2486021	001	XIL	SP	" 45.543.915/0571-08"	EXPRESS	Sucesso	\\brsvporcapp001\Tributário - ICMS\SPED\Arquivos Mastersaf\	SIM	NAO	SIM	Sucesso	16/04/2020 08:40:52	16/04/2020 10:43:45	17/04/2020 01:52:24	17/04/2020 02:00:07
286	2486024	001	XIP	SP	" 45.543.915/0727-60"	EXPRESS	Sucesso	\\brsvporcapp001\Tributário - ICMS\SPED\Arquivos Mastersaf\	SIM	NAO	SIM	Sucesso	16/04/2020 08:40:52	16/04/2020 10:47:19	17/04/2020 02:00:52	17/04/2020 02:10:48
287	2486027	001	XIS	SP	" 45.543.915/0587-75"	EXPRESS	Sucesso	\\brsvporcapp001\Tributário - ICMS\SPED\Arquivos Mastersaf\	SIM	NAO	SIM	Sucesso	16/04/2020 08:40:52	16/04/2020 10:50:25	17/04/2020 02:11:32	17/04/2020 02:19:54
288	2486012	001	XIT	SP	" 45.543.915/0758-66"	EXPRESS	Sucesso	\\brsvporcapp001\Tributário - ICMS\SPED\Arquivos Mastersaf\	SIM	NAO	SIM	Sucesso	16/04/2020 08:40:52	16/04/2020 10:53:08	17/04/2020 03:53:24	17/04/2020 03:59:43
289	2486015	001	XJA	SP	" 45.543.915/0557-50"	EXPRESS	Sucesso	\\brsvporcapp001\Tributário - ICMS\SPED\Arquivos Mastersaf\	SIM	NAO	SIM	Sucesso	16/04/2020 08:40:52	16/04/2020 10:56:20	17/04/2020 02:34:46	17/04/2020 02:43:18
290	2486019	001	XJB	SP	" 45.543.915/0594-02"	EXPRESS	Sucesso	\\brsvporcapp001\Tributário - ICMS\SPED\Arquivos Mastersaf\	SIM	NAO	SIM	Sucesso	16/04/2020 08:40:52	16/04/2020 10:59:32	17/04/2020 02:44:00	17/04/2020 02:52:16
291	2486022	001	XJC	SP	" 45.543.915/0578-84"	EXPRESS	Sucesso	\\brsvporcapp001\Tributário - ICMS\SPED\Arquivos Mastersaf\	SIM	NAO	SIM	Sucesso	16/04/2020 08:40:52	16/04/2020 11:02:58	17/04/2020 02:52:58	17/04/2020 03:01:28
292	2486013	001	XJD	SP	" 45.543.915/0565-60"	EXPRESS	Sucesso	\\brsvporcapp001\Tributário - ICMS\SPED\Arquivos Mastersaf\	SIM	NAO	SIM	Sucesso	16/04/2020 08:40:52	16/04/2020 11:05:53	17/04/2020 03:02:11	17/04/2020 03:09:02
293	2486017	001	XJE	SP	" 45.543.915/0623-73"	EXPRESS	Sucesso	\\brsvporcapp001\Tributário - ICMS\SPED\Arquivos Mastersaf\	SIM	NAO	SIM	Sucesso	16/04/2020 08:40:52	16/04/2020 11:08:50	17/04/2020 03:09:45	17/04/2020 03:16:38
294	2486020	001	XJK	SP	" 45.543.915/0753-51"	EXPRESS	Sucesso	\\brsvporcapp001\Tributário - ICMS\SPED\Arquivos Mastersaf\	SIM	NAO	SIM	Sucesso	16/04/2020 08:40:52	16/04/2020 11:12:15	17/04/2020 03:17:21	17/04/2020 03:25:47
295	2486023	001	XJM	SP	" 45.543.915/0593-13"	EXPRESS	Sucesso	\\brsvporcapp001\Tributário - ICMS\SPED\Arquivos Mastersaf\	SIM	SIM	NAO	Sucesso	16/04/2020 08:40:52	16/04/2020 11:13:47	17/04/2020 03:26:30	17/04/2020 03:29:25
296	2486030	001	XJO	SP	" 45.543.915/0645-89"	EXPRESS	Sucesso	\\brsvporcapp001\Tributário - ICMS\SPED\Arquivos Mastersaf\	SIM	NAO	SIM	Sucesso	16/04/2020 08:40:52	16/04/2020 11:16:43	17/04/2020 03:30:07	17/04/2020 03:37:25
297	2486034	001	XJS	SP	" 45.543.915/0663-60"	EXPRESS	Sucesso	\\brsvporcapp001\Tributário - ICMS\SPED\Arquivos Mastersaf\	SIM	NAO	SIM	Sucesso	16/04/2020 08:40:52	16/04/2020 11:19:53	17/04/2020 05:47:36	17/04/2020 05:48:07
298	2486039	001	XJT	SP	" 45.543.915/0747-03"	EXPRESS	Sucesso	\\brsvporcapp001\Tributário - ICMS\SPED\Arquivos Mastersaf\	SIM	SIM	NAO	Sucesso	16/04/2020 08:40:52	16/04/2020 11:21:17	17/04/2020 05:48:52	17/04/2020 03:46:18
299	2486040	001	XLB	SP	" 45.543.915/0657-12"	EXPRESS	Sucesso	\\brsvporcapp001\Tributário - ICMS\SPED\Arquivos Mastersaf\	SIM	NAO	SIM	Sucesso	16/04/2020 08:40:52	16/04/2020 11:23:50	17/04/2020 05:49:04	17/04/2020 05:49:35
300	2486028	001	XLO	SP	" 45.543.915/0685-76"	EXPRESS	Sucesso	\\brsvporcapp001\Tributário - ICMS\SPED\Arquivos Mastersaf\	SIM	NAO	SIM	Sucesso	16/04/2020 08:40:52	16/04/2020 11:26:48	17/04/2020 05:50:21	17/04/2020 03:59:12
301	2486031	001	XLV	SP	" 45.543.915/0573-70"	EXPRESS	Sucesso	\\brsvporcapp001\Tributário - ICMS\SPED\Arquivos Mastersaf\	SIM	NAO	SIM	Sucesso	16/04/2020 08:40:52	16/04/2020 11:29:53	17/04/2020 07:52:11	17/04/2020 07:59:57
302	2486033	001	XMA	SP	" 45.543.915/0676-85"	EXPRESS	Sucesso	\\brsvporcapp001\Tributário - ICMS\SPED\Arquivos Mastersaf\	SIM	NAO	SIM	Sucesso	16/04/2020 08:40:52	16/04/2020 11:32:28	17/04/2020 07:55:42	17/04/2020 08:02:54
303	2486035	001	XMC	SP	" 45.543.915/0644-06"	EXPRESS	Sucesso	\\brsvporcapp001\Tributário - ICMS\SPED\Arquivos Mastersaf\	SIM	NAO	SIM	Sucesso	16/04/2020 08:40:52	16/04/2020 11:35:13	17/04/2020 08:00:43	17/04/2020 08:08:08
304	2486026	001	XME	SP	" 45.543.915/0656-31"	EXPRESS	Sucesso	\\brsvporcapp001\Tributário - ICMS\SPED\Arquivos Mastersaf\	SIM	NAO	SIM	Sucesso	16/04/2020 08:40:52	16/04/2020 11:38:05	17/04/2020 08:03:40	17/04/2020 08:12:18
305	2486029	001	XMI	SP	" 45.543.915/0762-42"	EXPRESS	Sucesso	\\brsvporcapp001\Tributário - ICMS\SPED\Arquivos Mastersaf\	SIM	NAO	SIM	Sucesso	16/04/2020 08:40:52	16/04/2020 11:41:05	17/04/2020 08:08:51	17/04/2020 08:16:45
306	2486032	001	XMM	SP	" 45.543.915/0583-41"	EXPRESS	Sucesso	\\brsvporcapp001\Tributário - ICMS\SPED\Arquivos Mastersaf\	SIM	NAO	SIM	Sucesso	16/04/2020 08:40:52	16/04/2020 11:43:52	17/04/2020 08:13:03	17/04/2020 08:22:17
307	2486036	001	XMO	SP	" 45.543.915/0403-02"	EXPRESS	Sucesso	\\brsvporcapp001\Tributário - ICMS\SPED\Arquivos Mastersaf\	SIM	NAO	SIM	Sucesso	16/04/2020 08:40:52	16/04/2020 11:46:50	17/04/2020 08:17:27	17/04/2020 08:25:23
308	2486037	001	XMR	SP	" 45.543.915/0699-71"	EXPRESS	Sucesso	\\brsvporcapp001\Tributário - ICMS\SPED\Arquivos Mastersaf\	SIM	NAO	SIM	Sucesso	16/04/2020 08:40:52	16/04/2020 11:50:38	17/04/2020 08:23:03	17/04/2020 08:40:56
309	2486038	001	XMT	SP	" 45.543.915/0659-84"	EXPRESS	Sucesso	\\brsvporcapp001\Tributário - ICMS\SPED\Arquivos Mastersaf\	SIM	NAO	SIM	Sucesso	16/04/2020 08:40:52	16/04/2020 11:55:46	17/04/2020 08:26:07	17/04/2020 08:41:48
310	2486041	001	XNM	SP	" 45.543.915/0724-17"	EXPRESS	Sucesso	\\brsvporcapp001\Tributário - ICMS\SPED\Arquivos Mastersaf\	SIM	SIM	NAO	Sucesso	16/04/2020 08:40:52	16/04/2020 11:57:07	17/04/2020 08:41:42	17/04/2020 08:44:43
311	2486042	001	XNS	SP	" 45.543.915/0568-02"	EXPRESS	Sucesso	\\brsvporcapp001\Tributário - ICMS\SPED\Arquivos Mastersaf\	SIM	NAO	SIM	Sucesso	16/04/2020 08:40:52	16/04/2020 11:59:53	17/04/2020 08:42:32	17/04/2020 08:50:12
312	2486043	001	XNU	SP	" 45.543.915/0755-13"	EXPRESS	Sucesso	\\brsvporcapp001\Tributário - ICMS\SPED\Arquivos Mastersaf\	SIM	NAO	SIM	Sucesso	16/04/2020 08:40:52	17/04/2020 12:02:33	17/04/2020 08:45:28	17/04/2020 08:56:00
313	2486044	001	XOC	SP	" 45.543.915/0591-51"	EXPRESS	Sucesso	\\brsvporcapp001\Tributário - ICMS\SPED\Arquivos Mastersaf\	SIM	NAO	SIM	Sucesso	16/04/2020 08:40:52	17/04/2020 12:05:42	17/04/2020 08:50:56	17/04/2020 08:58:27
314	2486045	001	ECF	SP	" 45.543.915/0641-55"	CD / ECOMMERCE	Sucesso	\\brsvporcapp001\Tributário - ICMS\SPED\Arquivos Mastersaf\	SIM	NAO	SIM	Erro ao validar arqu	16/04/2020 08:40:52	17/04/2020 12:11:07	17/04/2020 08:56:51	17/04/2020 09:14:42
315	2486046	001	ECV	SP	" 45.543.915/0860-43"	CD / ECOMMERCE	Sucesso	\\brsvporcapp001\Tributário - ICMS\SPED\Arquivos Mastersaf\	SIM	NAO	SIM	Erro ao validar arqu	16/04/2020 08:40:52	17/04/2020 12:13:16	17/04/2020 08:59:11	17/04/2020 09:01:55
316	2486047	001	EFT	SP	" 45.543.915/0818-31"	CD / ECOMMERCE	Sucesso	\\brsvporcapp001\Tributário - ICMS\SPED\Arquivos Mastersaf\	SIM	NAO	SIM	Erro ao validar arqu	16/04/2020 08:40:52	17/04/2020 12:16:27	17/04/2020 09:01:55	17/04/2020 09:07:09
317	2486048	001	ERP	SP	" 45.543.915/0859-00"	CD / ECOMMERCE	Sucesso	\\brsvporcapp001\Tributário - ICMS\SPED\Arquivos Mastersaf\	SIM	NAO	SIM	Sucesso	16/04/2020 08:40:52	17/04/2020 12:18:08	17/04/2020 09:07:09	17/04/2020 09:11:19
318	2486070	001	BCV	SP	" 45.543.915/0344-00"	LOJA	Sucesso	\\brsvporcapp001\Tributário - ICMS\SPED\Arquivos Mastersaf\	SIM	NAO	SIM	Sucesso	16/04/2020 08:44:08	17/04/2020 12:28:24	17/04/2020 09:12:03	17/04/2020 09:39:54
319	2486076	001	BGU	SP	" 45.543.915/0364-53"	LOJA	Sucesso	\\brsvporcapp001\Tributário - ICMS\SPED\Arquivos Mastersaf\	SIM	NAO	SIM	Timeout	16/04/2020 08:44:08	17/04/2020 12:35:00	17/04/2020 09:14:43	17/04/2020 09:51:27
320	2486074	001	BPI	SP	" 45.543.915/0358-05"	LOJA	Sucesso	\\brsvporcapp001\Tributário - ICMS\SPED\Arquivos Mastersaf\	SIM	NAO	SIM	Sucesso	16/04/2020 08:44:08	17/04/2020 12:49:29	17/04/2020 09:40:39	17/04/2020 10:15:42
321	2486071	001	BSA	SP	" 45.543.915/0340-86"	LOJA	Sucesso	\\brsvporcapp001\Tributário - ICMS\SPED\Arquivos Mastersaf\	SIM	NAO	SIM	Erro ao validar arqu	16/04/2020 08:44:08	17/04/2020 12:59:14	17/04/2020 11:01:00	17/04/2020 11:44:37
322	2486068	001	BSP	SP	" 45.543.915/0372-63"	LOJA	Sucesso	\\brsvporcapp001\Tributário - ICMS\SPED\Arquivos Mastersaf\	SIM	NAO	SIM	Erro ao validar arqu	16/04/2020 08:44:08	17/04/2020 01:14:10	17/04/2020 11:09:18	17/04/2020 11:49:42
323	2486065	001	BTA	SP	" 45.543.915/0357-24"	LOJA	Sucesso	\\brsvporcapp001\Tributário - ICMS\SPED\Arquivos Mastersaf\	SIM	NAO	SIM	Timeout	16/04/2020 08:44:08	17/04/2020 01:23:47	17/04/2020 11:44:38	17/04/2020 12:32:55
324	2486073	001	BTU	SP	" 45.543.915/0343-29"	LOJA	Sucesso	\\brsvporcapp001\Tributário - ICMS\SPED\Arquivos Mastersaf\	SIM	SIM	NAO	Sucesso	16/04/2020 08:44:08	17/04/2020 01:24:57	17/04/2020 11:49:42	17/04/2020 11:52:38
325	2486067	001	CAP	SP	" 45.543.915/0129-45"	LOJA	Sucesso	\\brsvporcapp001\Tributário - ICMS\SPED\Arquivos Mastersaf\	SIM	NAO	SIM	Sucesso	16/04/2020 08:44:08	17/04/2020 01:29:51	17/04/2020 11:53:22	17/04/2020 12:08:07
326	2486072	001	CCM	SP	" 45.543.915/0427-71"	LOJA	Sucesso	\\brsvporcapp001\Tributário - ICMS\SPED\Arquivos Mastersaf\	SIM	NAO	SIM	Erro ao validar arqu	16/04/2020 08:44:08	17/04/2020 01:34:21	17/04/2020 12:08:52	17/04/2020 12:20:59
327	2486069	001	CIN	SP	" 45.543.915/0124-30"	LOJA	Sucesso	\\brsvporcapp001\Tributário - ICMS\SPED\Arquivos Mastersaf\	SIM	NAO	SIM	Erro ao validar arqu	16/04/2020 08:44:08	17/04/2020 01:40:50	17/04/2020 12:20:59	17/04/2020 12:38:56
328	2486066	001	CIT	SP	" 45.543.915/0204-50"	LOJA	Sucesso	\\brsvporcapp001\Tributário - ICMS\SPED\Arquivos Mastersaf\	SIM	NAO	SIM	Sucesso	16/04/2020 08:44:08	17/04/2020 01:47:29	17/04/2020 12:36:32	17/04/2020 01:10:06
329	2486075	001	CMM	SP	" 45.543.915/0107-30"	LOJA	Sucesso	\\brsvporcapp001\Tributário - ICMS\SPED\Arquivos Mastersaf\	SIM	NAO	SIM	Timeout	16/04/2020 08:44:08	17/04/2020 01:51:47	17/04/2020 12:38:56	17/04/2020 12:52:08
330	2486077	001	CMO	SP	" 45.543.915/0283-53"	LOJA	Sucesso	\\brsvporcapp001\Tributário - ICMS\SPED\Arquivos Mastersaf\	SIM	NAO	SIM	Erro ao validar arqu	16/04/2020 08:44:08	17/04/2020 01:58:17	17/04/2020 01:12:42	17/04/2020 01:28:59
331	2486078	001	CNT	SP	" 45.543.915/0181-29"	LOJA	Sucesso	\\brsvporcapp001\Tributário - ICMS\SPED\Arquivos Mastersaf\	SIM	NAO	SIM	Sucesso	16/04/2020 08:44:08	17/04/2020 02:07:35	17/04/2020 01:12:48	17/04/2020 01:58:02
332	2486079	001	CPR	SP	" 45.543.915/0382-35"	LOJA	Sucesso	\\brsvporcapp001\Tributário - ICMS\SPED\Arquivos Mastersaf\	SIM	NAO	SIM	Sucesso	16/04/2020 08:44:08	17/04/2020 02:15:07	17/04/2020 02:11:03	17/04/2020 02:51:51
333	2486080	001	CPS	SP	" 45.543.915/0005-05"	LOJA	Sucesso	\\brsvporcapp001\Tributário - ICMS\SPED\Arquivos Mastersaf\	SIM	NAO	SIM	Erro ao validar arqu	16/04/2020 08:44:08	17/04/2020 02:27:49	17/04/2020 02:11:57	17/04/2020 02:43:08
334	2486123	001	ACA	SP	45.543.915/0467-69	DROGARIA	Sucesso	\\brsvporcapp001\Tributário - ICMS\SPED\Arquivos Mastersaf\	SIM	SIM	NAO	Sucesso	16/04/2020 08:53:59	17/04/2020 02:28:58	17/04/2020 01:53:40	17/04/2020 01:56:39
335	2486126	001	AEC	SP	45.543.915/0465-05	DROGARIA	Sucesso	\\brsvporcapp001\Tributário - ICMS\SPED\Arquivos Mastersaf\	SIM	SIM	NAO	Sucesso	16/04/2020 08:54:00	17/04/2020 02:30:05	17/04/2020 01:57:24	17/04/2020 02:00:23
336	2486129	001	AED	SP	45.543.915/0462-54	DROGARIA	Sucesso	\\brsvporcapp001\Tributário - ICMS\SPED\Arquivos Mastersaf\	SIM	SIM	NAO	Sucesso	16/04/2020 08:54:00	17/04/2020 02:31:08	17/04/2020 01:58:48	17/04/2020 02:01:50
337	2486131	001	AGU	SP	45.543.915/0468-40	DROGARIA	Sucesso	\\brsvporcapp001\Tributário - ICMS\SPED\Arquivos Mastersaf\	SIM	SIM	NAO	Sucesso	16/04/2020 08:54:00	17/04/2020 02:32:09	17/04/2020 02:01:10	17/04/2020 02:04:09
338	2486122	001	CEC	SP	45.543.915/0502-86	DROGARIA	Sucesso	\\brsvporcapp001\Tributário - ICMS\SPED\Arquivos Mastersaf\	SIM	SIM	NAO	Sucesso	16/04/2020 08:54:00	17/04/2020 02:33:16	17/04/2020 02:02:36	17/04/2020 02:05:37
339	2486124	001	DAN	SP	45.543.915/0742-07	DROGARIA	Sucesso	\\brsvporcapp001\Tributário - ICMS\SPED\Arquivos Mastersaf\	SIM	NAO	SIM	Sucesso	16/04/2020 08:54:00	17/04/2020 02:35:19	17/04/2020 02:43:09	17/04/2020 02:49:58
340	2486127	001	DAO	SP	45.543.915/0701-20	DROGARIA	Sucesso	\\brsvporcapp001\Tributário - ICMS\SPED\Arquivos Mastersaf\	SIM	NAO	SIM	Sucesso	16/04/2020 08:54:00	17/04/2020 02:37:05	17/04/2020 04:05:22	17/04/2020 02:56:44
341	2486130	001	DAS	SP	45.543.915/0703-92	DROGARIA	Sucesso	\\brsvporcapp001\Tributário - ICMS\SPED\Arquivos Mastersaf\	SIM	NAO	SIM	Sucesso	16/04/2020 08:54:00	17/04/2020 02:38:38	17/04/2020 02:52:38	17/04/2020 02:59:44
342	2486128	001	DBB	SP	45.543.915/0710-11	DROGARIA	Sucesso	\\brsvporcapp001\Tributário - ICMS\SPED\Arquivos Mastersaf\	SIM	NAO	SIM	Sucesso	16/04/2020 08:54:00	17/04/2020 02:40:18	17/04/2020 04:10:08	17/04/2020 03:02:26
343	2486133	001	DBK	SP	45.543.915/0740-37	DROGARIA	Sucesso	\\brsvporcapp001\Tributário - ICMS\SPED\Arquivos Mastersaf\	SIM	NAO	SIM	Sucesso	16/04/2020 08:54:00	17/04/2020 02:41:50	17/04/2020 03:00:31	17/04/2020 03:07:35
344	2486137	001	DBT	SP	45.543.915/0743-80	DROGARIA	Sucesso	\\brsvporcapp001\Tributário - ICMS\SPED\Arquivos Mastersaf\	SIM	NAO	SIM	Sucesso	16/04/2020 08:54:00	17/04/2020 02:43:57	17/04/2020 04:15:13	17/04/2020 03:10:32
345	2486140	001	DCS	SP	45.543.915/0532-00	DROGARIA	Sucesso	\\brsvporcapp001\Tributário - ICMS\SPED\Arquivos Mastersaf\	SIM	NAO	SIM	Sucesso	16/04/2020 08:54:00	17/04/2020 02:45:32	17/04/2020 04:18:04	17/04/2020 03:16:44
346	2486135	001	DDE	SP	45.543.915/0709-88	DROGARIA	Sucesso	\\brsvporcapp001\Tributário - ICMS\SPED\Arquivos Mastersaf\	SIM	NAO	SIM	Erro ao validar arqu	16/04/2020 08:54:00	17/04/2020 02:47:27	17/04/2020 04:20:21	17/04/2020 04:25:01
347	2486138	001	DDI	SP	45.543.915/0707-16	DROGARIA	Sucesso	\\brsvporcapp001\Tributário - ICMS\SPED\Arquivos Mastersaf\	SIM	NAO	SIM	Sucesso	16/04/2020 08:54:00	17/04/2020 02:49:18	17/04/2020 03:15:53	17/04/2020 03:22:32
348	2486141	001	DES	SP	45.543.915/0537-06	DROGARIA	Sucesso	\\brsvporcapp001\Tributário - ICMS\SPED\Arquivos Mastersaf\	SIM	NAO	SIM	Sucesso	16/04/2020 08:54:00	17/04/2020 02:50:50	17/04/2020 04:44:18	17/04/2020 04:44:49
349	2486145	001	DFL	SP	45.543.915/0632-64	DROGARIA	Sucesso	\\brsvporcapp001\Tributário - ICMS\SPED\Arquivos Mastersaf\	SIM	NAO	SIM	Sucesso	16/04/2020 08:54:00	17/04/2020 02:52:07	17/04/2020 04:26:24	17/04/2020 03:27:59
350	2486132	001	DGT	SP	45.543.915/0579-65	DROGARIA	Sucesso	\\brsvporcapp001\Tributário - ICMS\SPED\Arquivos Mastersaf\	SIM	NAO	SIM	Sucesso	16/04/2020 08:54:00	17/04/2020 02:53:31	17/04/2020 04:32:12	17/04/2020 03:32:20
351	2486136	001	DGU	SP	45.543.915/0580-07	DROGARIA	Sucesso	\\brsvporcapp001\Tributário - ICMS\SPED\Arquivos Mastersaf\	SIM	NAO	SIM	Sucesso	16/04/2020 08:54:00	17/04/2020 02:55:29	17/04/2020 04:35:44	17/04/2020 03:35:48
352	2486139	001	DIG	SP	45.543.915/0737-31	DROGARIA	Sucesso	\\brsvporcapp001\Tributário - ICMS\SPED\Arquivos Mastersaf\	SIM	NAO	SIM	Erro ao validar arqu	16/04/2020 08:54:00	17/04/2020 02:57:22	17/04/2020 04:38:52	17/04/2020 04:44:17
353	2486143	001	DJA	SP	45.543.915/0741-18	DROGARIA	Sucesso	\\brsvporcapp001\Tributário - ICMS\SPED\Arquivos Mastersaf\	SIM	NAO	SIM	Sucesso	16/04/2020 08:54:00	17/04/2020 02:58:54	17/04/2020 03:59:58	17/04/2020 04:07:34
354	2486142	001	DMB	SP	45.543.915/0738-12	DROGARIA	Sucesso	\\brsvporcapp001\Tributário - ICMS\SPED\Arquivos Mastersaf\	SIM	NAO	SIM	Erro ao validar arqu	16/04/2020 08:54:00	17/04/2020 03:00:25	17/04/2020 04:00:25	17/04/2020 04:46:31
355	2486144	001	DNS	SP	45.543.915/0567-21	DROGARIA	Sucesso	\\brsvporcapp001\Tributário - ICMS\SPED\Arquivos Mastersaf\	SIM	NAO	SIM	Sucesso	16/04/2020 08:54:00	17/04/2020 03:01:42	17/04/2020 04:04:09	17/04/2020 04:08:17
356	2486146	001	DNT	SP	45.543.915/0739-01	DROGARIA	Sucesso	\\brsvporcapp001\Tributário - ICMS\SPED\Arquivos Mastersaf\	SIM	NAO	SIM	Sucesso	16/04/2020 08:54:00	17/04/2020 03:03:15	17/04/2020 04:08:18	17/04/2020 04:15:41
357	2486150	001	DPC	SP	45.543.915/0615-63	DROGARIA	Sucesso	\\brsvporcapp001\Tributário - ICMS\SPED\Arquivos Mastersaf\	SIM	NAO	SIM	Sucesso	16/04/2020 08:54:00	17/04/2020 03:04:47	17/04/2020 04:08:59	17/04/2020 04:13:54
358	2486147	001	DPI	SP	45.543.915/0736-50	DROGARIA	Sucesso	\\brsvporcapp001\Tributário - ICMS\SPED\Arquivos Mastersaf\	SIM	NAO	SIM	Sucesso	16/04/2020 08:54:00	17/04/2020 03:07:27	17/04/2020 04:14:37	17/04/2020 04:23:00
359	2486153	001	DPM	SP	45.543.915/0611-30	DROGARIA	Sucesso	\\brsvporcapp001\Tributário - ICMS\SPED\Arquivos Mastersaf\	SIM	NAO	SIM	Sucesso	16/04/2020 08:54:00	17/04/2020 03:09:25	17/04/2020 04:16:27	17/04/2020 04:26:25
360	2486155	001	DRA	SP	45.543.915/0735-70	DROGARIA	Sucesso	\\brsvporcapp001\Tributário - ICMS\SPED\Arquivos Mastersaf\	SIM	NAO	SIM	Sucesso	16/04/2020 08:54:00	17/04/2020 03:10:52	17/04/2020 04:23:43	17/04/2020 04:29:04
361	2486157	001	DSA	SP	45.543.915/0702-01	DROGARIA	Sucesso	\\brsvporcapp001\Tributário - ICMS\SPED\Arquivos Mastersaf\	SIM	NAO	SIM	Sucesso	16/04/2020 08:54:00	17/04/2020 03:12:29	17/04/2020 04:27:10	17/04/2020 04:36:43
362	2486148	001	DSB	SP	45.543.915/0711-00	DROGARIA	Sucesso	\\brsvporcapp001\Tributário - ICMS\SPED\Arquivos Mastersaf\	SIM	NAO	SIM	Sucesso	16/04/2020 08:54:00	17/04/2020 03:14:33	17/04/2020 04:29:47	17/04/2020 04:37:01
363	2486151	001	DSC	SP	45.543.915/0704-73	DROGARIA	Sucesso	\\brsvporcapp001\Tributário - ICMS\SPED\Arquivos Mastersaf\	SIM	NAO	SIM	Sucesso	16/04/2020 08:54:00	17/04/2020 03:16:31	17/04/2020 04:37:28	17/04/2020 04:48:47
364	2486159	001	DSJ	SP	45.543.915/0635-07	DROGARIA	Sucesso	\\brsvporcapp001\Tributário - ICMS\SPED\Arquivos Mastersaf\	SIM	NAO	SIM	Sucesso	16/04/2020 08:54:00	17/04/2020 03:18:10	17/04/2020 04:37:43	17/04/2020 04:43:49
365	2486170	001	DSN	SP	45.543.915/0627-05	DROGARIA	Sucesso	\\brsvporcapp001\Tributário - ICMS\SPED\Arquivos Mastersaf\	SIM	NAO	SIM	Sucesso	16/04/2020 08:54:00	17/04/2020 03:19:46	17/04/2020 04:44:33	17/04/2020 04:50:28
366	2486152	001	DSP	SP	45.543.915/0708-05	DROGARIA	Sucesso	\\brsvporcapp001\Tributário - ICMS\SPED\Arquivos Mastersaf\	SIM	NAO	SIM	Sucesso	16/04/2020 08:54:00	17/04/2020 03:21:13	17/04/2020 04:49:31	17/04/2020 04:56:51
367	2486154	001	DSS	SP	45.543.915/0633-45	DROGARIA	Sucesso	\\brsvporcapp001\Tributário - ICMS\SPED\Arquivos Mastersaf\	SIM	NAO	SIM	Sucesso	16/04/2020 08:54:00	17/04/2020 03:22:25	17/04/2020 04:51:12	17/04/2020 04:55:28
368	2486156	001	DTS	SP	45.543.915/0581-80	DROGARIA	Sucesso	\\brsvporcapp001\Tributário - ICMS\SPED\Arquivos Mastersaf\	SIM	NAO	SIM	Centralização	16/04/2020 08:54:00	17/04/2020 03:23:52	17/04/2020 04:44:17	17/04/2020 04:44:17
369	2486160	001	ECB	SP	45.543.915/0536-25	DROGARIA	Sucesso	\\brsvporcapp001\Tributário - ICMS\SPED\Arquivos Mastersaf\	SIM	SIM	NAO	Sucesso	16/04/2020 08:54:00	17/04/2020 03:24:38	17/04/2020 04:56:11	17/04/2020 04:59:08
370	2486171	001	FAC	SP	45.543.915/0433-10	DROGARIA	Sucesso	\\brsvporcapp001\Tributário - ICMS\SPED\Arquivos Mastersaf\	SIM	SIM	NAO	Sucesso	16/04/2020 08:54:00	17/04/2020 03:25:23	17/04/2020 04:57:37	17/04/2020 05:00:39
371	2486172	001	FAG	SP	45.543.915/0404-85	DROGARIA	Sucesso	\\brsvporcapp001\Tributário - ICMS\SPED\Arquivos Mastersaf\	SIM	SIM	NAO	Sucesso	16/04/2020 08:54:00	17/04/2020 03:26:08	17/04/2020 04:59:51	17/04/2020 05:02:48
372	2486173	001	FAP	SP	45.543.915/0428-52	DROGARIA	Sucesso	\\brsvporcapp001\Tributário - ICMS\SPED\Arquivos Mastersaf\	SIM	SIM	NAO	Cannot find the UI elemen	16/04/2020 08:54:00	17/04/2020 03:26:52	17/04/2020 05:01:24	17/04/2020 05:14:56
373	2486174	001	FAZ	SP	45.543.915/0408-09	DROGARIA	Sucesso	\\brsvporcapp001\Tributário - ICMS\SPED\Arquivos Mastersaf\	SIM	NAO	SIM	Sucesso	16/04/2020 08:54:00	17/04/2020 03:28:10	17/04/2020 05:03:31	17/04/2020 05:08:31
374	2486178	001	FCA	SP	45.543.915/0394-79	DROGARIA	Sucesso	\\brsvporcapp001\Tributário - ICMS\SPED\Arquivos Mastersaf\	SIM	SIM	NAO	Sucesso	16/04/2020 08:54:00	17/04/2020 03:28:52	17/04/2020 05:09:14	17/04/2020 05:12:12
375	2486182	001	FCP	SP	45.543.915/0398-00	DROGARIA	Sucesso	\\brsvporcapp001\Tributário - ICMS\SPED\Arquivos Mastersaf\	SIM	NAO	SIM	Sucesso	16/04/2020 08:54:00	17/04/2020 03:29:58	17/04/2020 05:12:54	17/04/2020 05:17:22
376	2486183	001	FGU	SP	45.543.915/0396-30	DROGARIA	Sucesso	\\brsvporcapp001\Tributário - ICMS\SPED\Arquivos Mastersaf\	SIM	NAO	SIM	Sucesso	16/04/2020 08:54:00	17/04/2020 03:31:12	17/04/2020 05:15:42	17/04/2020 05:21:42
377	2486185	001	FIT	SP	45.543.915/0400-51	DROGARIA	Sucesso	\\brsvporcapp001\Tributário - ICMS\SPED\Arquivos Mastersaf\	SIM	NAO	SIM	Sucesso	16/04/2020 08:54:00	17/04/2020 03:32:29	17/04/2020 05:18:06	17/04/2020 05:23:17
378	2486186	001	FLA	SP	45.543.915/0393-98	DROGARIA	Sucesso	\\brsvporcapp001\Tributário - ICMS\SPED\Arquivos Mastersaf\	SIM	SIM	NAO	Sucesso	16/04/2020 08:54:00	17/04/2020 03:33:07	17/04/2020 05:22:28	17/04/2020 05:25:30
379	2486175	001	FPG	SP	45.543.915/0395-50	DROGARIA	Sucesso	\\brsvporcapp001\Tributário - ICMS\SPED\Arquivos Mastersaf\	SIM	NAO	SIM	Sucesso	16/04/2020 08:54:00	17/04/2020 03:34:27	17/04/2020 05:23:59	17/04/2020 05:28:55
380	2486176	001	FSA	SP	45.543.915/0391-26	DROGARIA	Sucesso	\\brsvporcapp001\Tributário - ICMS\SPED\Arquivos Mastersaf\	SIM	SIM	NAO	Sucesso	16/04/2020 08:54:00	17/04/2020 03:35:10	17/04/2020 05:26:13	17/04/2020 05:29:15
381	2486177	001	FSM	SP	45.543.915/0402-13	DROGARIA	Sucesso	\\brsvporcapp001\Tributário - ICMS\SPED\Arquivos Mastersaf\	SIM	SIM	NAO	Sucesso	16/04/2020 08:54:00	17/04/2020 03:35:53	17/04/2020 05:29:39	17/04/2020 05:32:36
382	2486180	001	FSR	SP	45.543.915/0392-07	DROGARIA	Sucesso	\\brsvporcapp001\Tributário - ICMS\SPED\Arquivos Mastersaf\	SIM	NAO	SIM	Sucesso	16/04/2020 08:54:00	17/04/2020 03:37:12	17/04/2020 05:30:00	17/04/2020 05:37:17
383	2486179	001	FST	SP	45.543.915/0438-24	DROGARIA	Sucesso	\\brsvporcapp001\Tributário - ICMS\SPED\Arquivos Mastersaf\	SIM	SIM	NAO	Sucesso	16/04/2020 08:54:00	17/04/2020 03:37:59	17/04/2020 05:33:19	17/04/2020 05:36:14
384	2486181	001	FTP	SP	45.543.915/0401-32	DROGARIA	Sucesso	\\brsvporcapp001\Tributário - ICMS\SPED\Arquivos Mastersaf\	SIM	NAO	SIM	Sucesso	16/04/2020 08:54:00	17/04/2020 03:39:49	17/04/2020 05:36:58	17/04/2020 05:43:59
385	2486184	001	FVM	SP	45.543.915/0399-83	DROGARIA	Sucesso	\\brsvporcapp001\Tributário - ICMS\SPED\Arquivos Mastersaf\	SIM	NAO	SIM	Sucesso	16/04/2020 08:54:00	17/04/2020 03:41:03	17/04/2020 05:38:02	17/04/2020 05:45:22
386	2486188	001	PEM	SP	45.543.915/0413-76	DROGARIA	Sucesso	\\brsvporcapp001\Tributário - ICMS\SPED\Arquivos Mastersaf\	SIM	SIM	NAO	Erro no arquivo ao T	16/04/2020 08:54:00	17/04/2020 03:41:40	17/04/2020 05:44:42	17/04/2020 05:47:36
387	2486187	001	DCM	SP	45.543.915/0776-48	DROGARIA	Sucesso	\\brsvporcapp001\Tributário - ICMS\SPED\Arquivos Mastersaf\	SIM	SIM	NAO	Erro no arquivo ao T	16/04/2020 08:54:00	17/04/2020 03:42:17	17/04/2020 05:46:07	17/04/2020 05:49:04
436			XMK				ERRO S					NAO PROCESSAR				
437	2486877	001	XPA	SP	45.543.915/0459-59	EXPRESS	Sucesso	\\brsvporcapp001\Tributário - ICMS\SPED\Arquivos Mastersaf\	SIM	NAO	SIM	Sucesso	18/04/2020 12:11:16	18/04/2020 12:18:53		18/04/2020 01:59:44
438	2486880	001	XTU	SP	45.543.915/0475-79	EXPRESS	Sucesso	\\brsvporcapp001\Tributário - ICMS\SPED\Arquivos Mastersaf\	SIM	NAO	SIM	Erro ao validar arqu	18/04/2020 12:11:16	18/04/2020 12:20:44		18/04/2020 02:09:03
439	2486883	001	XXA	SP	45.543.915/0561-36	EXPRESS	Sucesso	\\brsvporcapp001\Tributário - ICMS\SPED\Arquivos Mastersaf\	SIM	NAO	SIM	Sucesso	18/04/2020 12:11:16	18/04/2020 12:22:50		18/04/2020 02:21:23
440	2486886	001	XPJ	SP	45.543.915/0562-17	EXPRESS	Sucesso	\\brsvporcapp001\Tributário - ICMS\SPED\Arquivos Mastersaf\	SIM	NAO	SIM	Sucesso	18/04/2020 12:11:16	18/04/2020 12:24:29		18/04/2020 02:30:52
441	2486878	001	XSJ	SP	45.543.915/0576-12	EXPRESS	Sucesso	\\brsvporcapp001\Tributário - ICMS\SPED\Arquivos Mastersaf\	SIM	NAO	SIM	Erro ao validar arqu	18/04/2020 12:11:16	18/04/2020 12:26:08		18/04/2020 02:40:29
442	2486881	001	XSM	SP	45.543.915/0577-01	EXPRESS	Sucesso	\\brsvporcapp001\Tributário - ICMS\SPED\Arquivos Mastersaf\	SIM	NAO	SIM	Sucesso	18/04/2020 12:11:16	18/04/2020 12:27:59		18/04/2020 02:55:15
443	2486884	001	XSF	SP	45.543.915/0584-22	EXPRESS	Sucesso	\\brsvporcapp001\Tributário - ICMS\SPED\Arquivos Mastersaf\	SIM	NAO	SIM	Sucesso	18/04/2020 12:11:16	18/04/2020 12:29:33		18/04/2020 03:07:44
444	2486887	001	XSA	SP	45.543.915/0586-94	EXPRESS	Sucesso	\\brsvporcapp001\Tributário - ICMS\SPED\Arquivos Mastersaf\	SIM	NAO	SIM	Erro ao validar arqu	18/04/2020 12:11:16	18/04/2020 12:31:14		18/04/2020 03:19:22
445	2486876	001	XPF	SP	45.543.915/0588-56	EXPRESS	Sucesso	\\brsvporcapp001\Tributário - ICMS\SPED\Arquivos Mastersaf\	SIM	NAO	SIM	Erro ao validar arqu	18/04/2020 12:11:16	18/04/2020 12:33:01		18/04/2020 03:30:28
446	2486879	001	XVD	SP	45.543.915/0590-70	EXPRESS	Sucesso	\\brsvporcapp001\Tributário - ICMS\SPED\Arquivos Mastersaf\	SIM	NAO	SIM	Sucesso	18/04/2020 12:11:16	18/04/2020 12:35:12		18/04/2020 03:35:12
447	2486882	001	XTS	SP	45.543.915/0595-85	EXPRESS	Sucesso	\\brsvporcapp001\Tributário - ICMS\SPED\Arquivos Mastersaf\	SIM	NAO	SIM	Sucesso	18/04/2020 12:11:16	18/04/2020 12:37:01		18/04/2020 03:43:30
448	2486885	001	XPT	SP	45.543.915/0596-66	EXPRESS	Sucesso	\\brsvporcapp001\Tributário - ICMS\SPED\Arquivos Mastersaf\	SIM	NAO	SIM	Sucesso	18/04/2020 12:11:16	18/04/2020 12:39:48		18/04/2020 03:47:36
449	2486889	001	XVI	SP	45.543.915/0597-47	EXPRESS	Sucesso	\\brsvporcapp001\Tributário - ICMS\SPED\Arquivos Mastersaf\	SIM	NAO	SIM	Sucesso	18/04/2020 12:11:16	18/04/2020 12:42:28		18/04/2020 04:07:13
450	2486892	001	XRN	SP	45.543.915/0601-68	EXPRESS	Sucesso	\\brsvporcapp001\Tributário - ICMS\SPED\Arquivos Mastersaf\	SIM	NAO	SIM	Sucesso	18/04/2020 12:11:16	18/04/2020 12:44:13		18/04/2020 03:55:29
451	2486895	001	XRB	SP	45.543.915/0609-15	EXPRESS	Sucesso	\\brsvporcapp001\Tributário - ICMS\SPED\Arquivos Mastersaf\	SIM	NAO	SIM	Sucesso	18/04/2020 12:11:16	18/04/2020 12:45:55		18/04/2020 04:03:11
452	2486898	001	XTC	SP	45.543.915/0614-82	EXPRESS	Sucesso	\\brsvporcapp001\Tributário - ICMS\SPED\Arquivos Mastersaf\	SIM	NAO	SIM	Sucesso	18/04/2020 12:11:16	18/04/2020 12:47:33		18/04/2020 04:11:20
453	2486890	001	XCA	SP	45.543.915/0619-97	EXPRESS	Sucesso	\\brsvporcapp001\Tributário - ICMS\SPED\Arquivos Mastersaf\	SIM	NAO	SIM	Sucesso	18/04/2020 12:11:16	18/04/2020 12:49:16		18/04/2020 04:19:20
454	2486893	001	XBR	SP	45.543.915/0629-69	EXPRESS	Sucesso	\\brsvporcapp001\Tributário - ICMS\SPED\Arquivos Mastersaf\	SIM	NAO	SIM	Sucesso	18/04/2020 12:11:16	18/04/2020 12:51:44		18/04/2020 04:22:29
455	2486896	001	XRA	SP	45.543.915/0630-00	EXPRESS	Sucesso	\\brsvporcapp001\Tributário - ICMS\SPED\Arquivos Mastersaf\	SIM	NAO	SIM	Sucesso	18/04/2020 12:11:16	18/04/2020 12:53:53		18/04/2020 04:35:37
456	2486899	001	XSO	SP	45.543.915/0634-26	EXPRESS	Sucesso	\\brsvporcapp001\Tributário - ICMS\SPED\Arquivos Mastersaf\	SIM	NAO	SIM	Sucesso	18/04/2020 12:11:16	18/04/2020 12:56:10		18/04/2020 04:33:14
457	2486888	001	XST	SP	45.543.915/0636-98	EXPRESS	Sucesso	\\brsvporcapp001\Tributário - ICMS\SPED\Arquivos Mastersaf\	SIM	NAO	SIM	Sucesso	18/04/2020 12:11:16	18/04/2020 12:58:16		18/04/2020 04:42:32
458	2486891	001	XRX	SP	45.543.915/0638-50	EXPRESS	Sucesso	\\brsvporcapp001\Tributário - ICMS\SPED\Arquivos Mastersaf\	SIM	NAO	SIM	Sucesso	18/04/2020 12:11:16	18/04/2020 12:59:58		18/04/2020 04:46:29
459	2486894	001	XVO	SP	45.543.915/0639-30	EXPRESS	Sucesso	\\brsvporcapp001\Tributário - ICMS\SPED\Arquivos Mastersaf\	SIM	NAO	SIM	Sucesso	18/04/2020 12:11:16	18/04/2020 01:02:18		18/04/2020 04:51:57
460	2486897	001	XPC	SP	45.543.915/0648-21	EXPRESS	Sucesso	\\brsvporcapp001\Tributário - ICMS\SPED\Arquivos Mastersaf\	SIM	NAO	SIM	Sucesso	18/04/2020 12:11:16	18/04/2020 01:03:57		18/04/2020 04:57:44
461	2486901	001	XTE	SP	45.543.915/0649-02	EXPRESS	Sucesso	\\brsvporcapp001\Tributário - ICMS\SPED\Arquivos Mastersaf\	SIM	NAO	SIM	Sucesso	18/04/2020 12:11:17	18/04/2020 01:05:36		18/04/2020 05:01:18
462	2486904	001	XVM	SP	45.543.915/0651-27	EXPRESS	Sucesso	\\brsvporcapp001\Tributário - ICMS\SPED\Arquivos Mastersaf\	SIM	NAO	SIM	Sucesso	18/04/2020 12:11:17	18/04/2020 01:07:32		18/04/2020 05:11:40
463	2486907	001	XVS	SP	45.543.915/0654-70	EXPRESS	Sucesso	\\brsvporcapp001\Tributário - ICMS\SPED\Arquivos Mastersaf\	SIM	NAO	SIM	Sucesso	18/04/2020 12:11:17	18/04/2020 01:09:04		18/04/2020 05:08:52
464	2486910	001	XPM	SP	45.543.915/0658-01	EXPRESS	Sucesso	\\brsvporcapp001\Tributário - ICMS\SPED\Arquivos Mastersaf\	SIM	NAO	SIM	Sucesso	18/04/2020 12:11:17	18/04/2020 01:10:49		18/04/2020 05:15:49
465	2486902	001	XPU	SP	45.543.915/0661-07	EXPRESS	Sucesso	\\brsvporcapp001\Tributário - ICMS\SPED\Arquivos Mastersaf\	SIM	NAO	SIM	Sucesso	18/04/2020 12:11:17	18/04/2020 01:13:36		18/04/2020 05:39:59
466	2486905	001	XPN	SP	45.543.915/0664-41	EXPRESS	Sucesso	\\brsvporcapp001\Tributário - ICMS\SPED\Arquivos Mastersaf\	SIM	NAO	SIM	Sucesso	18/04/2020 12:11:17	18/04/2020 01:15:10		18/04/2020 05:23:58
467	2486908	001	XSN	SP	45.543.915/0665-22	EXPRESS	Sucesso	\\brsvporcapp001\Tributário - ICMS\SPED\Arquivos Mastersaf\	SIM	NAO	SIM	Sucesso	18/04/2020 12:11:17	18/04/2020 01:16:55		18/04/2020 05:33:12
393	2486576	001	XAD	SP	45.543.915/0754-32	EXPRESS	Sucesso	\\brsvporcapp001\Tributário - ICMS\SPED\Arquivos Mastersaf\	SIM	NAO	SIM	Sucesso	17/04/2020 05:01:41	17/04/2020 05:22:36		17/04/2020 07:37:33
394	2486566	001	XAG	SP	45.543.915/0643-17	EXPRESS	Sucesso	\\brsvporcapp001\Tributário - ICMS\SPED\Arquivos Mastersaf\	SIM	NAO	SIM	Sucesso	17/04/2020 05:01:41	17/04/2020 05:24:53		17/04/2020 07:39:22
395	2486568	001	XAI	SP	45.543.915/0718-79	EXPRESS	Sucesso	\\brsvporcapp001\Tributário - ICMS\SPED\Arquivos Mastersaf\	SIM	NAO	SIM	Sucesso	17/04/2020 05:01:41	17/04/2020 05:26:40		17/04/2020 07:44:34
396	2486571	001	XAJ	SP	45.543.915/0768-38	EXPRESS	Sucesso	\\brsvporcapp001\Tributário - ICMS\SPED\Arquivos Mastersaf\	SIM	NAO	SIM	Sucesso	17/04/2020 05:01:41	17/04/2020 05:29:29		17/04/2020 07:55:52
397	2486574	001	XAL	SP	45.543.915/0655-50	EXPRESS	Sucesso	\\brsvporcapp001\Tributário - ICMS\SPED\Arquivos Mastersaf\	SIM	NAO	SIM	Sucesso	17/04/2020 05:01:41	17/04/2020 05:31:41		17/04/2020 07:53:14
398	2486565	001	XAM	SP	45.543.915/0608-34	EXPRESS	Sucesso	\\brsvporcapp001\Tributário - ICMS\SPED\Arquivos Mastersaf\	SIM	NAO	SIM	Sucesso	17/04/2020 05:01:41	17/04/2020 05:33:52		17/04/2020 11:23:44
399	2486569	001	XAN	SP	45.543.915/0653-99	EXPRESS	Sucesso	\\brsvporcapp001\Tributário - ICMS\SPED\Arquivos Mastersaf\	SIM	NAO	SIM	Sucesso	17/04/2020 05:01:41	17/04/2020 05:35:45		17/04/2020 08:06:24
400	2486572	001	XAP	SP	45.543.915/0600-87	EXPRESS	Sucesso	\\brsvporcapp001\Tributário - ICMS\SPED\Arquivos Mastersaf\	SIM	NAO	SIM	Sucesso	17/04/2020 05:01:41	17/04/2020 05:37:24		17/04/2020 08:08:08
401	2486575	001	XAQ	SP	45.543.915/0697-00	EXPRESS	Sucesso	\\brsvporcapp001\Tributário - ICMS\SPED\Arquivos Mastersaf\	SIM	NAO	SIM	Sucesso	17/04/2020 05:01:41	17/04/2020 05:39:28		17/04/2020 08:18:19
402	2486579	001	XAR	SP	45.543.915/0620-20	EXPRESS	Sucesso	\\brsvporcapp001\Tributário - ICMS\SPED\Arquivos Mastersaf\	SIM	NAO	SIM	Sucesso	17/04/2020 05:01:41	17/04/2020 05:42:08		17/04/2020 08:19:03
403	2486581	001	XAS	SP	45.543.915/0618-06	EXPRESS	Sucesso	\\brsvporcapp001\Tributário - ICMS\SPED\Arquivos Mastersaf\	SIM	NAO	SIM	Sucesso	17/04/2020 05:01:41	17/04/2020 05:44:24		17/04/2020 08:32:02
404	2486582	001	XAU	SP	45.543.915/0478-11	EXPRESS	Sucesso	\\brsvporcapp001\Tributário - ICMS\SPED\Arquivos Mastersaf\	SIM	NAO	SIM	Sucesso	17/04/2020 05:01:41	17/04/2020 05:46:44		17/04/2020 08:28:35
405	2486584	001	XBC	SP	45.543.915/0585-03	EXPRESS	Sucesso	\\brsvporcapp001\Tributário - ICMS\SPED\Arquivos Mastersaf\	SIM	NAO	SIM	Sucesso	17/04/2020 05:01:41	17/04/2020 05:49:00		17/04/2020 08:37:49
406	2486577	001	XBE	SP	45.543.915/0617-25	EXPRESS	Sucesso	\\brsvporcapp001\Tributário - ICMS\SPED\Arquivos Mastersaf\	SIM	NAO	SIM	Sucesso	17/04/2020 05:01:41	17/04/2020 05:51:38		17/04/2020 08:48:08
407	2486580	001	XBI	SP	45.543.915/0640-74	EXPRESS	Sucesso	\\brsvporcapp001\Tributário - ICMS\SPED\Arquivos Mastersaf\	SIM	NAO	SIM	Sucesso	17/04/2020 05:01:41	17/04/2020 05:53:55		17/04/2020 08:47:08
408	2486583	001	XBN	SP	45.543.915/0686-57	EXPRESS	Sucesso	\\brsvporcapp001\Tributário - ICMS\SPED\Arquivos Mastersaf\	SIM	NAO	SIM	Sucesso	17/04/2020 05:01:41	17/04/2020 05:56:47		17/04/2020 08:58:13
409	2486585	001	XBP	SP	45.543.915/0556-79	EXPRESS	Sucesso	\\brsvporcapp001\Tributário - ICMS\SPED\Arquivos Mastersaf\	SIM	NAO	SIM	Sucesso	17/04/2020 05:01:41	17/04/2020 06:00:38		17/04/2020 09:12:34
410	2486578	001	XCR	SP	45.543.915/0826-41	EXPRESS	Sucesso	\\brsvporcapp001\Tributário - ICMS\SPED\Arquivos Mastersaf\	SIM	NAO	SIM	Sucesso	17/04/2020 05:01:42	17/04/2020 06:02:02		17/04/2020 09:04:26
411	2486591	001	XAT	SP	45.543.915/0603-20	EXPRESS	Sucesso	\\brsvporcapp001\Tributário - ICMS\SPED\Arquivos Mastersaf\	SIM	SIM	NAO	Sucesso	17/04/2020 05:02:53	17/04/2020 06:02:46		17/04/2020 09:08:26
412	2486590	001	XBB	SP	45.543.915/0652-08	EXPRESS	Sucesso	\\brsvporcapp001\Tributário - ICMS\SPED\Arquivos Mastersaf\	SIM	SIM	NAO	Sucesso	17/04/2020 05:02:53	17/04/2020 06:03:30		17/04/2020 09:12:25
413	2486592	001	XBJ	SP	45.543.915/0719-50	EXPRESS	Sucesso	\\brsvporcapp001\Tributário - ICMS\SPED\Arquivos Mastersaf\	SIM	SIM	NAO	Sucesso	17/04/2020 05:02:53	17/04/2020 06:04:13		17/04/2020 09:16:25
414	2486593	001	XBL	SP	45.543.915/0780-24	EXPRESS	Sucesso	\\brsvporcapp001\Tributário - ICMS\SPED\Arquivos Mastersaf\	SIM	SIM	NAO	Sucesso	17/04/2020 05:02:53	17/04/2020 06:04:55		17/04/2020 09:16:33
415	2486612	001	MCF	SP	45.543.915/0802-74	MARKET	Sucesso	\\brsvporcapp001\Tributário - ICMS\SPED\Arquivos Mastersaf\	SIM	NAO	SIM	Sucesso	17/04/2020 05:05:48	17/04/2020 06:08:05		17/04/2020 09:27:25
416	2486610	001	MCL	SP	45.543.915/0819-12	MARKET	Sucesso	\\brsvporcapp001\Tributário - ICMS\SPED\Arquivos Mastersaf\	SIM	NAO	SIM	Erro ao validar arqu	17/04/2020 05:05:48	17/04/2020 06:11:12		17/04/2020 09:18:51
417	2486615	001	MDC	SP	45.543.915/0471-45	MARKET	Sucesso	\\brsvporcapp001\Tributário - ICMS\SPED\Arquivos Mastersaf\	SIM	NAO	SIM	Erro ao validar arqu	17/04/2020 05:05:48	17/04/2020 06:12:52		17/04/2020 11:16:58
418	2486618	001	MFC	SP	45.543.915/0832-90	MARKET	Sucesso	\\brsvporcapp001\Tributário - ICMS\SPED\Arquivos Mastersaf\	SIM	NAO	SIM	Sucesso	17/04/2020 05:05:48	17/04/2020 06:17:06		17/04/2020 09:44:31
419	2486613	001	MGV	SP	45.543.915/0831-09	MARKET	Sucesso	\\brsvporcapp001\Tributário - ICMS\SPED\Arquivos Mastersaf\	SIM	NAO	SIM	Sucesso	17/04/2020 05:05:48	17/04/2020 06:19:28		17/04/2020 09:58:53
420	2486616	001	MHI	SP	45.543.915/0833-70	MARKET	Sucesso	\\brsvporcapp001\Tributário - ICMS\SPED\Arquivos Mastersaf\	SIM	NAO	SIM	Sucesso	17/04/2020 05:05:48	17/04/2020 06:22:05		17/04/2020 10:14:03
421	2486621	001	MJP	SP	45.543.915/0785-39	MARKET	Sucesso	\\brsvporcapp001\Tributário - ICMS\SPED\Arquivos Mastersaf\	SIM	NAO	SIM	Sucesso	17/04/2020 05:05:48	17/04/2020 06:25:38		17/04/2020 10:16:18
422	2486623	001	MMO	SP	45.543.915/0820-56	MARKET	Sucesso	\\brsvporcapp001\Tributário - ICMS\SPED\Arquivos Mastersaf\	SIM	NAO	SIM	Sucesso	17/04/2020 05:05:48	17/04/2020 06:27:45		17/04/2020 10:27:31
423	2486611	001	MPE	SP	45.543.915/0834-51	MARKET	Sucesso	\\brsvporcapp001\Tributário - ICMS\SPED\Arquivos Mastersaf\	SIM	NAO	SIM	Sucesso	17/04/2020 05:05:48	17/04/2020 06:30:12		17/04/2020 10:25:15
424	2486614	001	MPJ	SP	45.543.915/0713-64	MARKET	Sucesso	\\brsvporcapp001\Tributário - ICMS\SPED\Arquivos Mastersaf\	SIM	NAO	SIM	Sucesso	17/04/2020 05:05:48	17/04/2020 06:33:05		17/04/2020 10:35:46
425	2486617	001	MPO	SP	45.543.915/0822-18	MARKET	Sucesso	\\brsvporcapp001\Tributário - ICMS\SPED\Arquivos Mastersaf\	SIM	NAO	SIM	Sucesso	17/04/2020 05:05:48	17/04/2020 06:36:32		17/04/2020 10:45:40
426	2486619	001	MSD	SP	45.543.915/0840-08	MARKET	Sucesso	\\brsvporcapp001\Tributário - ICMS\SPED\Arquivos Mastersaf\	SIM	NAO	SIM	Erro ao validar arqu	17/04/2020 05:05:48	17/04/2020 06:38:48		17/04/2020 10:43:00
427	2486620	001	MVA	SP	45.543.915/0796-91	MARKET	Sucesso	\\brsvporcapp001\Tributário - ICMS\SPED\Arquivos Mastersaf\	SIM	NAO	SIM	Sucesso	17/04/2020 05:05:48	17/04/2020 06:41:26		17/04/2020 10:51:22
428	2486622	001	MVO	SP	45.543.915/0695-48	MARKET	Sucesso	\\brsvporcapp001\Tributário - ICMS\SPED\Arquivos Mastersaf\	SIM	NAO	SIM	Sucesso	17/04/2020 05:05:48	17/04/2020 06:45:42		17/04/2020 11:09:25
429	2486634	001	MVS	SP	45.543.915/0837-02	MARKET	Sucesso	\\brsvporcapp001\Tributário - ICMS\SPED\Arquivos Mastersaf\	SIM	SIM	NAO	Sucesso	17/04/2020 05:07:20	17/04/2020 06:46:17		17/04/2020 10:55:21
430	2486635	001	MTR	SP	45.543.915/0838-85	MARKET	Sucesso	\\brsvporcapp001\Tributário - ICMS\SPED\Arquivos Mastersaf\	SIM	SIM	NAO	Sucesso	17/04/2020 05:07:20	17/04/2020 06:46:52		17/04/2020 10:59:19
431	2486636	001	MBP	SP	45.543.915/0734-99	MARKET	Sucesso	\\brsvporcapp001\Tributário - ICMS\SPED\Arquivos Mastersaf\	SIM	SIM	NAO	Sucesso	17/04/2020 05:07:20	17/04/2020 06:47:24		17/04/2020 11:03:18
432	2486638	001	CDET	SP	45.543.915/0733-08	CD	Sucesso	\\brsvporcapp001\Tributário - ICMS\SPED\Arquivos Mastersaf\	SIM	SIM	NAO	Sucesso	17/04/2020 05:07:20	17/04/2020 06:47:56		17/04/2020 11:07:16
433	2486637	001	LABT	SP	45.543.915/0720-93	CD	Sucesso	\\brsvporcapp001\Tributário - ICMS\SPED\Arquivos Mastersaf\	SIM	NAO	SIM	Sucesso	17/04/2020 05:07:20	17/04/2020 06:48:31		17/04/2020 11:11:17
434	2486639	001	PTF	SP	45.543.915/0044-11	PLATAFORMA	Sucesso	\\brsvporcapp001\Tributário - ICMS\SPED\Arquivos Mastersaf\	SIM	NAO	NAO	Erro ao validar arqu	17/04/2020 05:07:20	17/04/2020 06:49:03		17/04/2020 11:11:57
389	2486526	001	DFT	CE	45.543.915/0486-21	DROGARIA	Sucesso	\\brsvporcapp001\Tributário - ICMS\SPED\Arquivos Mastersaf\	SIM	NAO	NAO	Sucesso	17/04/2020 03:48:07	17/04/2020 03:50:08	17/04/2020 03:52:20	17/04/2020 03:55:43
516	2487596	001	BST	DF	45.543.915/0277-05	HIPER	Não processado	\\brsvporcapp001\Tributário - ICMS\SPED\Arquivos Mastersaf\	SIM	NAO	NAO	Não é possível criar um a			20/04/2020 07:32:25	20/04/2020 07:32:26
517	2487709	002	ECG	MS	62.545.579/0026-83	HIPER	Não processado	\\brsvporcapp001\Tributário - ICMS\SPED\Arquivos Mastersaf\	SIM	NAO	NAO	Sucesso			20/04/2020 07:31:34	20/04/2020 07:52:36
435			XCW				ERRO S					NAO PROCESSAR				
497	2487639	001	DGA	GO	45.543.915/0628-88	DROGARIA	Sucesso	\\brsvporcapp001\Tributário - ICMS\SPED\Arquivos Mastersaf\	SIM	NAO	SIM	Sucesso	20/04/2020 11:49:32	20/04/2020 12:10:50		20/04/2020 12:37:24
498	2487638	001	DGD	GO	45.543.915/0612-10	DROGARIA	Sucesso	\\brsvporcapp001\Tributário - ICMS\SPED\Arquivos Mastersaf\	SIM	NAO	SIM	Sucesso	20/04/2020 11:49:32	20/04/2020 12:11:37		20/04/2020 12:44:14
499	2487640	001	DGS	GO	45.543.915/0613-00	DROGARIA	Sucesso	\\brsvporcapp001\Tributário - ICMS\SPED\Arquivos Mastersaf\	SIM	NAO	SIM	Sucesso	20/04/2020 11:49:32	20/04/2020 12:12:31		20/04/2020 12:52:56
500	2487642	001	GOP	GO	45.543.915/0349-14	HIPER	Sucesso	\\brsvporcapp001\Tributário - ICMS\SPED\Arquivos Mastersaf\	SIM	NAO	SIM	Sucesso	20/04/2020 11:49:32	20/04/2020 12:14:44		20/04/2020 01:12:54
501	2487641	001	GSD	GO	45.543.915/0278-96	HIPER	Sucesso	\\brsvporcapp001\Tributário - ICMS\SPED\Arquivos Mastersaf\	SIM	NAO	SIM	Erro ao validar arqu	20/04/2020 11:49:32	20/04/2020 12:30:35		20/04/2020 01:49:54
506	2487588	001	PS2	DF	45.543.915/0198-77	HIPER	Não processado	\\brsvporcapp001\Tributário - ICMS\SPED\Arquivos Mastersaf\	SIM	NAO	NAO	Sucesso			20/04/2020 04:08:49	20/04/2020 04:27:51
507	2487589	001	PS1	DF	45.543.915/0197-96	HIPER	Não processado	\\brsvporcapp001\Tributário - ICMS\SPED\Arquivos Mastersaf\	SIM	NAO	NAO	Sucesso			20/04/2020 04:08:53	20/04/2020 04:25:39
508	2487590	001	PN4	DF	45.543.915/0189-86	HIPER	Não processado	\\brsvporcapp001\Tributário - ICMS\SPED\Arquivos Mastersaf\	SIM	NAO	NAO	Sucesso			20/04/2020 04:26:26	20/04/2020 04:44:19
509	2487591	001	PN2	DF	45.543.915/0203-79	HIPER	Não processado	\\brsvporcapp001\Tributário - ICMS\SPED\Arquivos Mastersaf\	SIM	NAO	NAO	Sucesso			20/04/2020 04:28:41	20/04/2020 04:52:38
510	2487592	001	PL2	DF	45.543.915/0206-11	HIPER	Não processado	\\brsvporcapp001\Tributário - ICMS\SPED\Arquivos Mastersaf\	SIM	NAO	NAO	Sucesso			20/04/2020 04:45:06	20/04/2020 05:03:07
511	2487593	001	PCD	DF	45.543.915/0202-98	HIPER	Não processado	\\brsvporcapp001\Tributário - ICMS\SPED\Arquivos Mastersaf\	SIM	NAO	NAO	Sucesso			20/04/2020 04:53:29	20/04/2020 05:00:30
515	2487711	002	ECG	MS	62.545.579/0026-83	HIPER	Sucesso	\\brsvporcapp001\Tributário - ICMS\SPED\Arquivos Mastersaf\	SIM	NAO	NAO	Erro ao validar arqu	20/04/2020 06:36:39	20/04/2020 07:08:47	20/04/2020 07:09:48	20/04/2020 07:11:21
468	2486911	001	XTZ	SP	45.543.915/0674-13	EXPRESS	Sucesso	\\brsvporcapp001\Tributário - ICMS\SPED\Arquivos Mastersaf\	SIM	NAO	SIM	Sucesso	18/04/2020 12:11:17	18/04/2020 01:18:56		18/04/2020 05:42:29
469	2486900	001	XVL	SP	45.543.915/0677-66	EXPRESS	Sucesso	\\brsvporcapp001\Tributário - ICMS\SPED\Arquivos Mastersaf\	SIM	NAO	SIM	Sucesso	18/04/2020 12:11:17	18/04/2020 01:21:20		18/04/2020 05:54:04
470	2486903	001	XPL	SP	45.543.915/0678-47	EXPRESS	Sucesso	\\brsvporcapp001\Tributário - ICMS\SPED\Arquivos Mastersaf\	SIM	NAO	SIM	Sucesso	18/04/2020 12:11:17	18/04/2020 01:23:17		18/04/2020 05:53:56
471	2486906	001	XRG	SP	45.543.915/0681-42	EXPRESS	Sucesso	\\brsvporcapp001\Tributário - ICMS\SPED\Arquivos Mastersaf\	SIM	NAO	SIM	Sucesso	18/04/2020 12:11:17	18/04/2020 01:24:37		18/04/2020 06:01:37
472	2486909	001	XTO	SP	45.543.915/0688-19	EXPRESS	Sucesso	\\brsvporcapp001\Tributário - ICMS\SPED\Arquivos Mastersaf\	SIM	NAO	SIM	Sucesso	18/04/2020 12:11:17	18/04/2020 01:26:02		18/04/2020 06:06:35
473	2486913	001	XRD	SP	45.543.915/0691-14	EXPRESS	Sucesso	\\brsvporcapp001\Tributário - ICMS\SPED\Arquivos Mastersaf\	SIM	NAO	SIM	Sucesso	18/04/2020 12:11:17	18/04/2020 01:27:13		18/04/2020 09:28:17
474	2486914	001	XPP	SP	45.543.915/0692-03	EXPRESS	Sucesso	\\brsvporcapp001\Tributário - ICMS\SPED\Arquivos Mastersaf\	SIM	SIM	NAO	Sucesso	18/04/2020 12:11:17	18/04/2020 01:27:56		18/04/2020 06:10:35
475	2486916	001	XTD	SP	45.543.915/0693-86	EXPRESS	Sucesso	\\brsvporcapp001\Tributário - ICMS\SPED\Arquivos Mastersaf\	SIM	SIM	NAO	Sucesso	18/04/2020 12:11:17	18/04/2020 01:28:37		18/04/2020 06:14:36
476	2486920	001	XPS	SP	45.543.915/0696-29	EXPRESS	Sucesso	\\brsvporcapp001\Tributário - ICMS\SPED\Arquivos Mastersaf\	SIM	NAO	SIM	Sucesso	18/04/2020 12:11:17	18/04/2020 01:29:43		18/04/2020 06:24:16
477	2486915	001	XRP	SP	45.543.915/0712-83	EXPRESS	Sucesso	\\brsvporcapp001\Tributário - ICMS\SPED\Arquivos Mastersaf\	SIM	NAO	SIM	Sucesso	18/04/2020 12:11:17	18/04/2020 01:31:31		18/04/2020 06:41:55
478	2486918	001	XVV	SP	45.543.915/0714-45	EXPRESS	Sucesso	\\brsvporcapp001\Tributário - ICMS\SPED\Arquivos Mastersaf\	SIM	NAO	SIM	Sucesso	18/04/2020 12:11:17	18/04/2020 01:32:35		18/04/2020 06:51:27
479	2486919	001	XSE	SP	45.543.915/0715-26	EXPRESS	Sucesso	\\brsvporcapp001\Tributário - ICMS\SPED\Arquivos Mastersaf\	SIM	SIM	NAO	Sucesso	18/04/2020 12:11:17	18/04/2020 01:33:15		18/04/2020 06:55:27
480	2486921	001	XSK	SP	45.543.915/0716-07	EXPRESS	Sucesso	\\brsvporcapp001\Tributário - ICMS\SPED\Arquivos Mastersaf\	SIM	NAO	SIM	Sucesso	18/04/2020 12:11:17	18/04/2020 01:34:20		18/04/2020 07:05:20
481	2486912	001	XSQ	SP	45.543.915/0717-98	EXPRESS	Sucesso	\\brsvporcapp001\Tributário - ICMS\SPED\Arquivos Mastersaf\	SIM	NAO	SIM	Erro ao validar arqu	18/04/2020 12:11:17	18/04/2020 01:35:50		18/04/2020 07:07:39
482	2486917	001	XBT	SP	45.543.915/0721-74	EXPRESS	Sucesso	\\brsvporcapp001\Tributário - ICMS\SPED\Arquivos Mastersaf\	SIM	NAO	SIM	Sucesso	18/04/2020 12:11:17	18/04/2020 01:37:13		18/04/2020 09:41:44
483	2486929	001	XPB	SP	45.543.915/0723-36	EXPRESS	Sucesso	\\brsvporcapp001\Tributário - ICMS\SPED\Arquivos Mastersaf\	SIM	NAO	SIM	Sucesso	18/04/2020 12:11:17	18/04/2020 01:38:15		18/04/2020 07:18:09
484	2486931	001	XPI	SP	45.543.915/0725-06	EXPRESS	Sucesso	\\brsvporcapp001\Tributário - ICMS\SPED\Arquivos Mastersaf\	SIM	NAO	SIM	Sucesso	18/04/2020 12:11:17	18/04/2020 01:39:28		18/04/2020 07:30:25
485	2486922	001	XTI	SP	45.543.915/0728-40	EXPRESS	Sucesso	\\brsvporcapp001\Tributário - ICMS\SPED\Arquivos Mastersaf\	SIM	NAO	SIM	Sucesso	18/04/2020 12:11:17	18/04/2020 01:40:48		18/04/2020 07:43:08
486	2486927	001	XTB	SP	45.543.915/0731-46	EXPRESS	Sucesso	\\brsvporcapp001\Tributário - ICMS\SPED\Arquivos Mastersaf\	SIM	SIM	NAO	Sucesso	18/04/2020 12:11:17	18/04/2020 01:41:22		18/04/2020 07:47:09
487	2486928	001	XSC	SP	45.543.915/0732-27	EXPRESS	Sucesso	\\brsvporcapp001\Tributário - ICMS\SPED\Arquivos Mastersaf\	SIM	SIM	NAO	Erro no arquivo ao T	18/04/2020 12:11:17	18/04/2020 01:41:56		18/04/2020 07:51:09
488	2486930	001	XRR	SP	45.543.915/0759-47	EXPRESS	Sucesso	\\brsvporcapp001\Tributário - ICMS\SPED\Arquivos Mastersaf\	SIM	SIM	NAO	Sucesso	18/04/2020 12:11:17	18/04/2020 01:42:30		18/04/2020 09:45:48
489	2486923	001	XSL	SP	45.543.915/0760-80	EXPRESS	Sucesso	\\brsvporcapp001\Tributário - ICMS\SPED\Arquivos Mastersaf\	SIM	NAO	SIM	Sucesso	18/04/2020 12:11:17	18/04/2020 01:43:24		18/04/2020 07:59:41
490	2486924	001	XPO	SP	45.543.915/0778-00	EXPRESS	Sucesso	\\brsvporcapp001\Tributário - ICMS\SPED\Arquivos Mastersaf\	SIM	NAO	SIM	Sucesso	18/04/2020 12:11:17	18/04/2020 01:44:30		18/04/2020 08:10:23
491	2486925	001	XWP	SP	45.543.915/0779-90	EXPRESS	Sucesso	\\brsvporcapp001\Tributário - ICMS\SPED\Arquivos Mastersaf\	SIM	NAO	SIM	Sucesso	18/04/2020 12:11:17	18/04/2020 01:45:40		18/04/2020 08:21:45
492	2486926	001	XSB	SP	45.543.915/0799-34	EXPRESS	Sucesso	\\brsvporcapp001\Tributário - ICMS\SPED\Arquivos Mastersaf\	SIM	NAO	SIM	Sucesso	18/04/2020 12:11:17	18/04/2020 01:46:56		18/04/2020 08:34:42
493	2486932	001	XTA	SP	45.543.915/0810-84	EXPRESS	Sucesso	\\brsvporcapp001\Tributário - ICMS\SPED\Arquivos Mastersaf\	SIM	NAO	SIM	Sucesso	18/04/2020 12:11:17	18/04/2020 01:48:34		18/04/2020 08:53:03
494	2486933	001	XSS	SP	45.543.915/0817-50	EXPRESS	Sucesso	\\brsvporcapp001\Tributário - ICMS\SPED\Arquivos Mastersaf\	SIM	NAO	SIM	Sucesso	18/04/2020 12:11:17	18/04/2020 01:49:30		18/04/2020 09:02:43
495	2486934	001	MSV	SP	45.543.915/0848-57	EXPRESS	Sucesso	\\brsvporcapp001\Tributário - ICMS\SPED\Arquivos Mastersaf\	SIM	SIM	NAO	Sucesso	18/04/2020 12:11:17	18/04/2020 01:50:01		18/04/2020 09:06:46
496	2486935	001	XNG	SP	45.543.915/0854-03	EXPRESS	Sucesso	\\brsvporcapp001\Tributário - ICMS\SPED\Arquivos Mastersaf\	SIM	NAO	SIM	Sucesso	18/04/2020 12:11:17	18/04/2020 01:51:06		18/04/2020 09:18:12
512	2487594	001	PBM	DF	45.543.915/0384-05	HIPER	Não processado	\\brsvporcapp001\Tributário - ICMS\SPED\Arquivos Mastersaf\	SIM	NAO	NAO	Sucesso			20/04/2020 06:11:52	20/04/2020 06:26:52
513	2487595	001	BAN	DF	45.543.915/0388-20	HIPER	Não processado	\\brsvporcapp001\Tributário - ICMS\SPED\Arquivos Mastersaf\	SIM	NAO	NAO	Sucesso			20/04/2020 06:13:29	20/04/2020 06:35:26
514	2487596	001	BST	DF	45.543.915/0277-05	HIPER	Não processado	\\brsvporcapp001\Tributário - ICMS\SPED\Arquivos Mastersaf\	SIM	NAO	NAO	Não é possível criar um a			20/04/2020 07:32:25	20/04/2020 07:32:26
502	2487584	001	DBN	DF	45.543.915/0621-01	DROGARIA	Não processado	\\brsvporcapp001\Tributário - ICMS\SPED\Arquivos Mastersaf\	SIM	NAO	NAO	Sucesso			20/04/2020 01:56:25	20/04/2020 02:01:30
503	2487585	001	DTG	DF	45.543.915/0625-35	DROGARIA	Não processado	\\brsvporcapp001\Tributário - ICMS\SPED\Arquivos Mastersaf\	SIM	NAO	NAO	Sucesso			20/04/2020 01:57:27	20/04/2020 02:02:37
504	2487586	001	DBS	DF	" 45.543.915/0647-40"	DROGARIA	Não processado	\\brsvporcapp001\Tributário - ICMS\SPED\Arquivos Mastersaf\	SIM	NAO	NAO	Sucesso			20/04/2020 02:02:20	20/04/2020 02:08:43
505	2487587	001	EBS	DF	45.543.915/0852-33	ECOMMERCE	Não processado	\\brsvporcapp001\Tributário - ICMS\SPED\Arquivos Mastersaf\	SIM	NAO	NAO	Sucesso			20/04/2020 02:03:25	20/04/2020 02:08:01
